episode,p99_latency,throughput,gpu_utilization
0,27.18626159103315,4.200349447801387,0.0
1,27.67605433824473,4.059095447780947,0.0
2,27.677474410610465,4.085182331820328,0.0
3,27.44647634331239,4.092347710237828,0.0
4,27.426334154594223,4.099556812368916,0.0
5,28.00753044574669,4.176711078275682,0.0
6,27.677158371022852,4.099556812368916,0.0
7,27.991934332241897,4.076323017638503,0.0
8,28.00390983009691,4.188634682865466,0.0
9,28.01090186160109,4.189301829689024,0.0
10,27.431864657975552,4.053755371226226,0.0
11,26.669411100015097,4.113936418874917,0.0
12,27.875787215568657,4.046141066955172,0.0
13,27.87832224164111,4.164323301144366,0.0
14,28.00753044574669,4.065105880620949,0.0
15,28.025173688248934,4.076323017638503,0.0
16,27.42636121707844,4.058867803010678,0.0
17,28.00390983009691,4.080521842099485,0.0
18,26.651814762669595,4.32454306640438,0.0
19,28.025173688248934,4.184143380332031,0.0
20,27.875643055703527,4.080521842099485,0.0
21,27.8797147127085,4.11684137543823,0.0
22,27.402196443597017,4.138958093172666,0.0
23,27.678536602140245,4.186273412173702,0.0
24,27.678536602140245,4.17686635026751,0.0
25,27.191962858894655,4.113936418874917,0.0
26,27.86590990961404,4.058867803010678,0.0
27,26.650372944075052,4.179588034152977,0.0
28,27.424343893715612,4.167148344520028,0.0
29,29.888676983214843,4.065105880620949,0.0
30,27.700075853420817,4.076323017638503,0.0
31,27.897289667111966,4.092347710237828,0.0
32,28.028794303898714,4.209410233788648,0.0
33,27.894610585062722,4.195814334845072,0.0
34,27.4472107617844,4.220640602937156,0.0
35,27.674322788174255,4.059095447780947,0.0
36,28.01452247725087,4.085182331820328,0.0
37,28.025173688248934,4.185608086063362,0.0
38,28.327725123889593,4.080521842099485,0.0
39,27.42636121707844,4.076323017638503,0.0
40,27.19078819953568,4.178220403962752,0.0
41,27.992078492107026,4.049091894025671,0.0
42,28.00390983009691,4.046142917217799,0.0
43,27.26405038263009,4.102584192224154,0.0
44,27.875572429122677,4.059095447780947,0.0
45,27.37810612900126,4.088932433745723,0.0
46,27.294297961535456,4.11684137543823,0.0
47,27.875643055703527,4.049090041064983,0.0
48,27.3800500724738,4.167148344520028,0.0
49,27.67763186827697,4.046141066955172,0.0
50,27.8982312007125,4.179588034152977,0.0
51,28.00390972620857,4.076323017638503,0.0
52,27.286182728338527,4.059095447780947,0.0
53,27.42433258542966,4.046142917217799,0.0
54,27.676081400728947,4.0754911874085815,0.0
55,27.78599426183429,4.113936418874917,0.0
56,27.898752764760204,4.167148344520028,0.0
57,28.028794303898714,4.058867803010678,0.0
58,27.07609900793173,4.188634682865466,0.0
59,27.894610585062722,4.058867803010678,0.0
60,27.267144676286822,4.205270895227618,0.0
61,27.69981714261268,4.076323017638503,0.0
62,28.011636280073102,4.046141066955172,0.0
63,28.00753044574669,4.284591436422671,0.0
64,27.427508813953196,4.198692134465194,0.0
65,27.677373157468832,4.186273412173702,0.0
66,26.65098230864701,4.196112691790372,0.0
67,27.450096958962174,4.076323017638503,0.0
68,27.900910386650086,4.303149654630825,0.0
69,27.894610585062722,4.046142917217799,0.0
70,27.874510237592897,4.083521163613629,0.0
71,27.87992949915448,4.179302972878825,0.0
72,28.00390972620857,4.228123922934191,0.0
73,27.897289771000306,4.065105880620949,0.0
74,28.00635031875487,4.099556812368916,0.0
75,28.00753044574669,4.203527579055578,0.0
76,27.676313049052865,4.113936418874917,0.0
77,27.424329972189174,4.214786989908538,0.0
78,28.011636280073102,4.0754911874085815,0.0
79,27.67406407736612,4.046142917217799,0.0
80,27.821637929928496,4.19179510456999,0.0
81,28.145789233105468,4.080521842099485,0.0
82,27.678751388586225,4.059095447780947,0.0
83,27.67763186827697,4.0754911874085815,0.0
84,26.853204391078844,4.059095447780947,0.0
85,27.984942300737714,4.179302972878825,0.0
86,26.83760486958261,4.046141066955172,0.0
87,27.383158287656972,4.184143380332031,0.0
88,27.8982312007125,4.184143380332031,0.0
89,28.020094116717242,4.053755371226226,0.0
90,29.96347292615763,4.093432161549539,0.0
91,27.8982312007125,4.059095447780947,0.0
92,28.00753044574669,4.085182331820328,0.0
93,30.26780812270461,4.301967307338375,0.0
94,27.451361958931905,4.164323301144366,0.0
95,27.084082701815863,4.076323017638503,0.0
96,27.678607228721095,4.046142917217799,0.0
97,27.894610585062722,4.164323301144366,0.0
98,26.669411100015097,4.065105880620949,0.0
99,28.032001553026756,4.093432161549539,0.0
100,28.00390972620857,4.088932433745723,0.0
101,27.895345003534732,4.366963343110225,0.0
102,26.636893158922703,4.184143380332031,0.0
103,27.674322788174255,4.046141066955172,0.0
104,27.678751388586225,4.099556812368916,0.0
105,27.8982312007125,4.138958093172666,0.0
106,27.424343893715612,4.059095447780947,0.0
107,26.971381446731964,4.167148344520028,0.0
108,29.98138258770383,4.058867803010678,0.0
109,27.678607228721095,4.188634682865466,0.0
110,27.874510237592897,4.093527811303166,0.0
111,27.992078492107026,4.053755371226226,0.0
112,27.99827857315036,4.347188283310473,0.0
113,26.638540888028405,4.11684137543823,0.0
114,27.875643055703527,4.176711078275682,0.0
115,27.678751388586225,4.088188511005704,0.0
116,29.971154544559656,4.058867803010678,0.0
117,27.421807546091692,4.088932433745723,0.0
118,27.89875286864854,4.228123922934191,0.0
119,28.025908106720944,4.246768840600345,0.0
120,26.64611349480809,4.076323017638503,0.0
121,27.67635489030121,4.342063125661633,0.0
122,27.29429534829497,4.277112163733491,0.0
123,27.67635489030121,4.28621932258643,0.0
124,29.889421686632307,4.249338559917262,0.0
125,27.266067705992917,4.099556812368916,0.0
126,27.875787215568657,4.179588034152977,0.0
127,26.636903550336193,4.080521842099485,0.0
128,27.8797147127085,4.301967307338375,0.0
129,26.650443570655902,4.093527811303166,0.0
130,27.8797147127085,4.085182331820328,0.0
131,27.8982312007125,4.053755371226226,0.0
132,27.875572429122677,4.088932433745723,0.0
133,27.3800500724738,4.076323017638503,0.0
134,27.875787215568657,4.246768840600345,0.0
135,27.984942300737714,4.046142917217799,0.0
136,27.87832224164111,4.113936418874917,0.0
137,27.426334154594223,4.053755371226226,0.0
138,27.674052769080166,4.176711078275682,0.0
139,27.424343893715612,4.046141066955172,0.0
140,27.874510237592897,4.059095447780947,0.0
141,27.6983091765523,4.059095447780947,0.0
142,27.188784017130633,4.056715459000889,0.0
143,27.18626159103315,4.092347710237828,0.0
144,27.42433258542966,4.138958093172666,0.0
145,27.874510237592897,4.059095447780947,0.0
146,28.00390983009691,4.184143380332031,0.0
147,26.652086341425132,4.065105880620949,0.0
148,28.00390983009691,4.088932433745723,0.0
149,28.01452247725087,4.049090041064983,0.0
150,28.00753044574669,4.347188283310473,0.0
151,28.025173688248934,4.179588034152977,0.0
152,27.29132565048319,4.056715459000889,0.0
153,28.025173584360594,4.195814334845072,0.0
154,27.875572429122677,4.088932433745723,0.0
155,28.011636280073102,4.065105880620949,0.0
156,27.676313049052865,4.228123922934191,0.0
157,28.01090186160109,4.11684137543823,0.0
158,27.894610585062722,4.221648374365708,0.0
159,28.00239660203425,4.113936418874917,0.0
160,27.897289771000306,4.076323017638503,0.0
161,27.483645775711622,4.209138840976867,0.0
162,27.874495458828772,4.179588034152977,0.0
163,28.00753044574669,4.0754911874085815,0.0
164,27.87846640150624,4.080521842099485,0.0
165,28.025173584360594,4.092347710237828,0.0
166,27.382081317363067,4.188634682865466,0.0
167,27.678607228721095,4.176711078275682,0.0
168,26.640554663008018,4.221648374365708,0.0
169,27.984942300737714,4.309936996932657,0.0
170,26.967065529727087,4.053755371226226,0.0
171,27.267359462732802,4.179588034152977,0.0
172,27.87978533928935,4.053755371226226,0.0
173,28.025173688248934,4.053755371226226,0.0
174,27.69757475808029,4.099556812368916,0.0
175,27.874495458828772,4.092347710237828,0.0
176,27.483603934463282,4.11684137543823,0.0
177,27.87825161506026,4.184143380332031,0.0
178,28.00390983009691,4.085182331820328,0.0
179,27.676340111537083,4.184143380332031,0.0
180,27.911002142309833,4.184143380332031,0.0
181,27.450096958962174,4.059095447780947,0.0
182,27.874495458828772,4.113936418874917,0.0
183,29.89230788381008,4.185608086063362,0.0
184,27.87978533928935,4.113936418874917,0.0
185,28.011636280073102,4.185608086063362,0.0
186,27.894610585062722,4.065105880620949,0.0
187,27.674322788174255,4.176711078275682,0.0
188,27.89875286864854,4.093527811303166,0.0
189,27.8982312007125,4.065105880620949,0.0
190,28.028794303898714,4.058867803010678,0.0
191,29.89230788381008,4.059095447780947,0.0
192,27.875787215568657,4.0754911874085815,0.0
193,27.67743256936212,4.138958093172666,0.0
194,29.996175328747707,4.0754911874085815,0.0
195,27.67745963184634,4.0754911874085815,0.0
196,27.875572429122677,4.0754911874085815,0.0
197,27.67763186827697,4.058867803010678,0.0
198,29.89230788381008,4.088188511005704,0.0
199,27.18626159103315,4.138958093172666,0.0
200,27.992078492107026,4.11684137543823,0.0
201,27.894610585062722,4.093527811303166,0.0
202,27.875787215568657,4.093432161549539,0.0
203,27.67743256936212,4.046141066955172,0.0
204,26.64480001375865,4.099556812368916,0.0
205,27.483603934463282,4.0754911874085815,0.0
206,28.028794303898714,4.272652998126761,0.0
207,28.00390972620857,4.278942980352672,0.0
208,29.94698924404033,4.0754911874085815,0.0
209,27.875572429122677,4.046142917217799,0.0
210,28.011636280073102,4.11684137543823,0.0
211,27.87992949915448,4.188634682865466,0.0
212,27.902373484298323,4.185608086063362,0.0
213,27.316441719418187,4.046141066955172,0.0
214,27.897289771000306,4.188634682865466,0.0
215,28.00635031875487,4.11684137543823,0.0
216,27.67605433824473,4.138958093172666,0.0
217,27.677373157468832,4.290434504427641,0.0
218,27.678607228721095,4.113936418874917,0.0
219,29.47764691522798,4.200349447801387,0.0
220,27.985086460602844,4.11684137543823,0.0
221,27.42636121707844,4.046142917217799,0.0
222,27.426334154594223,4.046142917217799,0.0
223,27.67605433824473,4.088932433745723,0.0
224,28.00390972620857,4.059095447780947,0.0
225,28.01090186160109,4.065105880620949,0.0
226,27.286917250698878,4.068082574172069,0.0
227,27.897289667111966,4.059095447780947,0.0
228,27.87825161506026,4.195814334845072,0.0
229,27.67635489030121,4.214786989908538,0.0
230,27.37708037466202,4.0754911874085815,0.0
231,27.078242612263896,4.085182331820328,0.0
232,27.87718942353048,4.179588034152977,0.0
233,27.191470150757212,4.046141066955172,0.0
234,28.028794303898714,4.164323301144366,0.0
235,28.025173688248934,4.046141066955172,0.0
236,26.645666223093794,4.249338559917262,0.0
237,27.87978533928935,4.200349447801387,0.0
238,28.00390972620857,4.080521842099485,0.0
239,28.01929313270938,4.056715459000889,0.0
240,27.900910386650086,4.113936418874917,0.0
241,28.025173688248934,4.196112691790372,0.0
242,27.902373484298323,4.249338559917262,0.0
243,28.025173584360594,4.195814334845072,0.0
244,27.677474410610465,4.046142917217799,0.0
245,27.67748770841184,4.309936996932657,0.0
246,27.677158371022852,4.176711078275682,0.0
247,28.028794303898714,4.059095447780947,0.0
248,27.992078492107026,4.249338559917262,0.0
249,27.900910386650086,4.088932433745723,0.0
250,27.894610585062722,4.11684137543823,0.0
251,27.87992949915448,4.113936418874917,0.0
252,27.700075853420817,4.28621932258643,0.0
253,27.696930945434907,4.0754911874085815,0.0
254,27.084124543064206,4.272652998126761,0.0
255,29.91226226582333,4.080521842099485,0.0
256,27.875787215568657,4.186273412173702,0.0
257,27.89875286864854,4.092347710237828,0.0
258,27.42433258542966,4.252179052451397,0.0
259,27.805032417774335,4.046141066955172,0.0
260,27.721180736751048,4.214769781038733,0.0
261,27.696455133882697,4.058867803010678,0.0
262,29.89230788381008,4.099556812368916,0.0
263,30.250748833138275,4.080521842099485,0.0
264,28.03548055552772,4.220640602937156,0.0
265,26.834147784201008,4.167148344520028,0.0
266,28.01452247725087,4.288119925360583,0.0
267,27.674052769080166,4.235493233038654,0.0
268,29.888676983214843,4.176711078275682,0.0
269,27.894610585062722,4.046141066955172,0.0
270,28.01452247725087,4.2767107197597305,0.0
271,26.636903550336193,4.058867803010678,0.0
272,27.874510237592897,4.093432161549539,0.0
273,27.900910386650086,4.179588034152977,0.0
274,28.01090186160109,4.0754911874085815,0.0
275,27.897289667111966,4.186273412173702,0.0
276,28.01452247725087,4.246768840600345,0.0
277,27.286917250698878,4.11684137543823,0.0
278,30.281908849346873,4.046141066955172,0.0
279,27.875787215568657,4.228123922934191,0.0
280,28.025173688248934,4.282241204222049,0.0
281,27.44647634331239,4.196112691790372,0.0
282,27.8982312007125,4.17686635026751,0.0
283,28.025173584360594,4.093432161549539,0.0
284,27.8797147127085,4.046142917217799,0.0
285,28.006452002706776,4.065105880620949,0.0
286,27.677228997603702,4.375106071739064,0.0
287,26.96934934460501,4.058867803010678,0.0
288,27.171369803287387,4.167148344520028,0.0
289,28.01452247725087,4.080521842099485,0.0
290,27.696455237771033,4.065105880620949,0.0
291,27.87992949915448,4.176711078275682,0.0
292,27.923747061520544,4.076323017638503,0.0
293,27.696196526962897,4.0754911874085815,0.0
294,27.875643055703527,4.195814334845072,0.0
295,27.107845506183814,4.200349447801387,0.0
296,28.00751423167629,4.049091894025671,0.0
297,28.01090175771275,4.0754911874085815,0.0
298,28.025173688248934,4.083521163613629,0.0
299,27.895345003534732,4.113936418874917,0.0
300,26.781904880889947,4.046142917217799,0.0
301,27.87718942353048,4.095364448195817,0.0
302,27.875787215568657,4.11684137543823,0.0
303,28.01090186160109,4.059095447780947,0.0
304,26.84012729568009,4.092347710237828,0.0
305,27.676340111537083,4.058867803010678,0.0
306,27.48161367358467,4.065105880620949,0.0
307,26.78187781840573,4.059095447780947,0.0
308,27.875787215568657,4.092347710237828,0.0
309,27.67743256936212,4.046141066955172,0.0
310,26.644836573769876,4.085182331820328,0.0
311,27.897289771000306,4.088932433745723,0.0
312,28.025173688248934,4.1887639404228985,0.0
313,27.082092440937252,4.058867803010678,0.0
314,27.503746123181447,4.080521842099485,0.0
315,27.678607228721095,4.093527811303166,0.0
316,27.907731836822283,4.065105880620949,0.0
317,27.67748770841184,4.046142917217799,0.0
318,28.025173688248934,4.093527811303166,0.0
319,27.874510237592897,4.053755371226226,0.0
320,28.025173688248934,4.083521163613629,0.0
321,27.294309269821408,4.080521842099485,0.0
322,27.874468396344554,4.179302972878825,0.0
323,28.031882928363498,4.113936418874917,0.0
324,27.87718942353048,4.220640602937156,0.0
325,27.87992949915448,4.046142917217799,0.0
326,28.00390983009691,4.053755371226226,0.0
327,28.01090186160109,4.046142917217799,0.0
328,28.01090186160109,4.065105880620949,0.0
329,27.291772922197488,4.080521842099485,0.0
330,27.911747139741394,4.185608086063362,0.0
331,27.451361958931905,4.200349447801387,0.0
332,27.87832224164111,4.093527811303166,0.0
333,27.67605433824473,4.046141066955172,0.0
334,28.01452247725087,4.093432161549539,0.0
335,27.383228914237822,4.246723774211365,0.0
336,29.89230788381008,4.059095447780947,0.0
337,27.084124543064206,4.2020901283107905,0.0
338,27.87846640150624,4.138958093172666,0.0
339,27.166801353536513,4.188634682865466,0.0
340,30.250748833138275,4.255436130198334,0.0
341,26.644836573769876,4.0754911874085815,0.0
342,26.636903550336193,4.080521842099485,0.0
343,26.96933803631906,4.196112691790372,0.0
344,28.00464424856892,4.179588034152977,0.0
345,27.19078819953568,4.337301512827928,0.0
346,27.674322788174255,4.085182331820328,0.0
347,27.87978533928935,4.068082574172069,0.0
348,27.875572429122677,4.0754911874085815,0.0
349,26.652086341425132,4.246768840600345,0.0
350,27.985086460602844,4.053755371226226,0.0
351,28.00753044574669,4.209138840976867,0.0
352,28.00635031875487,4.176711078275682,0.0
353,28.00390983009691,4.095136146948376,0.0
354,27.8797147127085,4.076323017638503,0.0
355,27.449330714042635,4.11684137543823,0.0
356,27.875572429122677,4.065105880620949,0.0
357,27.9240620991225,4.080521842099485,0.0
358,28.028794303898714,4.058867803010678,0.0
359,27.894610585062722,4.184143380332031,0.0
360,29.322010656805883,4.053755371226226,0.0
361,27.89875286864854,4.176711078275682,0.0
362,27.87846640150624,4.061835364511464,0.0
363,27.87978533928935,4.176711078275682,0.0
364,28.011636280073102,4.099556812368916,0.0
365,27.874495458828772,4.085182331820328,0.0
366,26.837157597868313,4.076323017638503,0.0
367,27.171369803287387,4.088932433745723,0.0
368,27.87978533928935,4.167148344520028,0.0
369,27.451334896447687,4.167148344520028,0.0
370,28.028794303898714,4.113936418874917,0.0
371,28.028794303898714,4.178220403962752,0.0
372,27.696196526962897,4.076323017638503,0.0
373,28.028794303898714,4.200349447801387,0.0
374,28.00390983009691,4.228123922934191,0.0
375,27.8982312007125,4.085182331820328,0.0
376,27.67743256936212,4.164323301144366,0.0
377,27.677474410610465,4.088932433745723,0.0
378,27.185814319318855,4.085182331820328,0.0
379,27.992078492107026,4.099556812368916,0.0
380,28.01452247725087,4.28621932258643,0.0
381,27.885693963183847,4.058867803010678,0.0
382,27.992078492107026,4.085182331820328,0.0
383,28.025173688248934,4.186273412173702,0.0
384,27.984942300737714,4.113936418874917,0.0
385,28.028794303898714,4.244504792222126,0.0
386,28.01452247725087,4.2767107197597305,0.0
387,28.028794303898714,4.209410233788648,0.0
388,27.297474190058995,4.0754911874085815,0.0
389,27.87978533928935,4.113936418874917,0.0
390,29.89230788381008,4.095364448195817,0.0
391,27.87992949915448,4.188634682865466,0.0
392,27.87846640150624,4.062063342288778,0.0
393,27.8982312007125,4.085182331820328,0.0
394,27.67605433824473,4.092347710237828,0.0
395,27.89875286864854,4.059095447780947,0.0
396,27.87978533928935,4.0754911874085815,0.0
397,27.900910386650086,4.080521842099485,0.0
398,27.29429534829497,4.085182331820328,0.0
399,27.87718942353048,4.164323301144366,0.0
400,27.424343893715612,4.046141066955172,0.0
401,27.985086460602844,4.085182331820328,0.0
402,27.676340111537083,4.164323301144366,0.0
403,27.8797147127085,4.176711078275682,0.0
404,28.01090175771275,4.058867803010678,0.0
405,26.638278201360777,4.2020901283107905,0.0
406,27.191892232313805,4.056715459000889,0.0
407,29.797628771953722,4.179302972878825,0.0
408,27.674322788174255,4.046141066955172,0.0
409,29.902695381965483,4.085182331820328,0.0
410,29.888676983214843,4.092347710237828,0.0
411,27.894610585062722,4.18244932299894,0.0
412,28.14402168311932,4.065105880620949,0.0
413,27.676313049052865,4.046142917217799,0.0
414,27.294297961535456,4.11684137543823,0.0
415,26.99148179420179,4.167148344520028,0.0
416,27.677228997603702,4.056715459000889,0.0
417,27.87978533928935,4.184143380332031,0.0
418,27.8982312007125,4.080521842099485,0.0
419,27.87992949915448,4.061835364511464,0.0
420,27.985086460602844,4.058867803010678,0.0
421,27.426375995842566,4.0754911874085815,0.0
422,28.025173688248934,4.184143380332031,0.0
423,27.079556093313332,4.214786989908538,0.0
424,27.894610481174382,4.246723774211365,0.0
425,27.678751388586225,4.076323017638503,0.0
426,27.87846640150624,4.053755371226226,0.0
427,28.00464424856892,4.0754911874085815,0.0
428,28.025173688248934,4.138958093172666,0.0
429,27.08410976430008,4.080521842099485,0.0
430,27.87846640150624,4.167148344520028,0.0
431,27.875572429122677,4.092347710237828,0.0
432,28.01090186160109,4.366963343110225,0.0
433,29.89230788381008,4.176711078275682,0.0
434,26.857568295143444,4.049091894025671,0.0
435,27.380052685714286,4.164323301144366,0.0
436,27.875643055703527,4.176711078275682,0.0
437,28.025173688248934,4.093432161549539,0.0
438,27.89875286864854,4.080521842099485,0.0
439,27.67544230848351,4.185608086063362,0.0
440,30.254450566328458,4.076323017638503,0.0
441,27.085401521039966,4.065105880620949,0.0
442,27.87846640150624,4.093527811303166,0.0
443,27.676096179493072,4.056715459000889,0.0
444,27.69757475808029,4.167148344520028,0.0
445,27.991934332241897,4.076323017638503,0.0
446,27.992078492107026,4.303149654630825,0.0
447,27.894610585062722,4.068082574172069,0.0
448,27.87718942353048,4.056715459000889,0.0
449,27.678536602140245,4.059095447780947,0.0
450,27.427652973818326,4.113936418874917,0.0
451,28.01452247725087,4.076323017638503,0.0
452,28.028794303898714,4.209410233788648,0.0
453,26.64072550141757,4.080521842099485,0.0
454,27.188784017130633,4.188634682865466,0.0
455,27.87825161506026,4.058867803010678,0.0
456,26.65098230864701,4.092347710237828,0.0
457,27.45243892922581,4.288119925360583,0.0
458,28.01090186160109,4.314011839950564,0.0
459,27.92088814741464,4.085182331820328,0.0
460,26.83760486958261,4.11684137543823,0.0
461,26.972443638261744,4.17686635026751,0.0
462,27.87825161506026,4.0754911874085815,0.0
463,27.191962858894655,4.085182331820328,0.0
464,28.01090186160109,4.0754911874085815,0.0
465,28.01452247725087,4.046142917217799,0.0
466,27.875643055703527,4.053755371226226,0.0
467,27.875787215568657,4.076323017638503,0.0
468,27.674052769080166,4.053755371226226,0.0
469,28.01090186160109,4.209410233788648,0.0
470,26.63654976660972,4.167447128637499,0.0
471,27.87992949915448,4.180009031299507,0.0
472,27.992078492107026,4.189301829689024,0.0
473,29.888676983214843,4.053755371226226,0.0
474,27.678536602140245,4.167148344520028,0.0
475,27.29740356347814,4.099556812368916,0.0
476,27.944158754239393,4.186273412173702,0.0
477,27.676340111537083,4.249338559917262,0.0
478,27.292025454943484,4.062063342288778,0.0
479,27.383373074102952,4.059095447780947,0.0
480,27.261066763291872,4.176711078275682,0.0
481,28.01090175771275,4.113936418874917,0.0
482,27.87992949915448,4.093527811303166,0.0
483,27.67743256936212,4.059095447780947,0.0
484,27.678536602140245,4.11684137543823,0.0
485,28.025173688248934,4.092347710237828,0.0
486,27.984942300737714,4.085182331820328,0.0
487,27.676081400728947,4.0754911874085815,0.0
488,27.87978533928935,4.065105880620949,0.0
489,29.901808519919857,4.093527811303166,0.0
490,27.875572429122677,4.096450499149393,0.0
491,27.191892232313805,4.058867803010678,0.0
492,29.904141708778667,4.179302972878825,0.0
493,27.710214925713537,4.099556812368916,0.0
494,27.50736673883123,4.220640602937156,0.0
495,27.427652973818326,4.17686635026751,0.0
496,27.67635489030121,4.11684137543823,0.0
497,28.01090186160109,4.209138840976867,0.0
498,26.995102409851572,4.220640602937156,0.0
499,27.69981714261268,4.214769781038733,0.0
500,27.079556093313332,4.214769781038733,0.0
501,28.025173688248934,4.059095447780947,0.0
502,27.992078492107026,4.167148344520028,0.0
503,27.424329972189174,4.046142917217799,0.0
504,27.696196526962897,4.113936418874917,0.0
505,26.64353767468127,4.053755371226226,0.0
506,28.025908106720944,4.185608086063362,0.0
507,27.992078492107026,4.188634682865466,0.0
508,27.383228914237822,4.059095447780947,0.0
509,27.898024189472316,4.179302972878825,0.0
510,27.503746123181447,4.2020901283107905,0.0
511,27.67605433824473,4.261873408379627,0.0
512,28.01090186160109,4.179588034152977,0.0
513,27.700075853420817,4.058867803010678,0.0
514,28.01090186160109,4.092347710237828,0.0
515,27.67743256936212,4.046142917217799,0.0
516,26.773894124521593,4.186273412173702,0.0
517,27.875643055703527,4.214786989908538,0.0
518,27.16932639287448,4.053755371226226,0.0
519,28.01090186160109,4.053755371226226,0.0
520,27.677474410610465,4.080521842099485,0.0
521,27.32006233506797,4.314016290564815,0.0
522,27.984942300737714,4.076323017638503,0.0
523,29.965015312539105,4.080521842099485,0.0
524,29.908664874029345,4.056715459000889,0.0
525,27.172502621398017,4.058867803010678,0.0
526,27.084124543064206,4.058867803010678,0.0
527,27.678607228721095,4.0754911874085815,0.0
528,27.383158287656972,4.11684137543823,0.0
529,26.83760486958261,4.18244932299894,0.0
530,27.875787215568657,4.046141066955172,0.0
531,27.677474410610465,4.092347710237828,0.0
532,28.01200779367466,4.176711078275682,0.0
533,27.874468396344554,4.046141066955172,0.0
534,28.00390983009691,4.092347710237828,0.0
535,28.510820355798646,4.113936418874917,0.0
536,27.677228997603702,4.09654629001349,0.0
537,27.26405038263009,4.2020901283107905,0.0
538,27.8982312007125,4.214769781038733,0.0
539,26.643123176419795,4.167148344520028,0.0
540,26.64021245767163,4.186273412173702,0.0
541,27.87846640150624,4.0754911874085815,0.0
542,27.897289771000306,4.053755371226226,0.0
543,28.025908106720944,4.085182331820328,0.0
544,28.00635031875487,4.176711078275682,0.0
545,27.894610481174382,4.085182331820328,0.0
546,27.29629953070002,4.085182331820328,0.0
547,27.172502621398017,4.085182331820328,0.0
548,27.471477085165855,4.053755371226226,0.0
549,27.67406407736612,4.277112163733491,0.0
550,27.87846640150624,4.195814334845072,0.0
551,27.677373157468832,4.2020901283107905,0.0
552,27.678536602140245,4.053755371226226,0.0
553,28.00635031875487,4.188634682865466,0.0
554,27.874510237592897,4.080521842099485,0.0
555,29.889411401686854,4.184143380332031,0.0
556,27.87846640150624,4.058867803010678,0.0
557,27.875572429122677,4.053755371226226,0.0
558,28.00390983009691,4.088932433745723,0.0
559,29.888676983214843,4.164323301144366,0.0
560,28.01452247725087,4.176711078275682,0.0
561,27.87978533928935,4.080521842099485,0.0
562,27.67406407736612,4.092347710237828,0.0
563,27.67605433824473,4.186273412173702,0.0
564,28.025173688248934,4.180009031299507,0.0
565,29.888687268160297,4.059095447780947,0.0
566,27.92320956854239,4.076323017638503,0.0
567,28.00390983009691,4.167447128637499,0.0
568,29.797628771953722,4.243745063230657,0.0
569,28.025173688248934,4.053755371226226,0.0
570,28.00464424856892,4.080521842099485,0.0
571,28.01090175771275,4.059095447780947,0.0
572,27.483603934463282,4.184143380332031,0.0
573,27.696455133882697,4.058867803010678,0.0
574,27.89875286864854,4.164323301144366,0.0
575,27.700075853420817,4.167148344520028,0.0
576,27.67406407736612,4.093527811303166,0.0
577,27.67605433824473,4.088932433745723,0.0
578,27.382081317363067,4.058867803010678,0.0
579,28.01452247725087,4.046141066955172,0.0
580,30.27999534803397,4.058867803010678,0.0
581,27.402930862069027,4.065105880620949,0.0
582,26.995102409851572,4.056715459000889,0.0
583,27.19078819953568,4.314016290564815,0.0
584,27.676081400728947,4.184143380332031,0.0
585,26.783196637629832,4.058867803010678,0.0
586,27.875787215568657,4.046141066955172,0.0
587,28.00753044574669,4.080521842099485,0.0
588,27.696196526962897,4.0754911874085815,0.0
589,27.427438187372346,4.053755371226226,0.0
590,27.294297961535456,4.337474712498888,0.0
591,29.889421686632307,4.205270895227618,0.0
592,27.71178795392137,4.080521842099485,0.0
593,29.918138782220076,4.189301829689024,0.0
594,27.678607228721095,4.085182331820328,0.0
595,27.875643055703527,4.0754911874085815,0.0
596,28.01452247725087,4.080521842099485,0.0
597,27.875787215568657,4.076323017638503,0.0
598,27.87825161506026,4.083521163613629,0.0
599,27.67405015583968,4.068082574172069,0.0
600,27.67741708183099,4.167148344520028,0.0
601,27.67635489030121,4.189301829689024,0.0
602,27.87846640150624,4.049091894025671,0.0
603,27.992078492107026,4.2020901283107905,0.0
604,27.677474410610465,4.2979753589078555,0.0
605,27.67748770841184,4.138958093172666,0.0
606,27.676313049052865,4.281007511221164,0.0
607,28.00753044574669,4.0754911874085815,0.0
608,26.63901210406749,4.093432161549539,0.0
609,28.028794303898714,4.085182331820328,0.0
610,29.237847007413773,4.080521842099485,0.0
611,27.984942300737714,4.179302972878825,0.0
612,27.894610585062722,4.188634682865466,0.0
613,27.8982312007125,4.179588034152977,0.0
614,27.992078492107026,4.11684137543823,0.0
615,27.875572429122677,4.046142917217799,0.0
616,27.6983091765523,4.196112691790372,0.0
617,27.902373484298323,4.113936418874917,0.0
618,29.888676983214843,4.176711078275682,0.0
619,28.025173688248934,4.076323017638503,0.0
620,27.984871674156864,4.046141066955172,0.0
621,27.08410976430008,4.085182331820328,0.0
622,27.985086460602844,4.046141066955172,0.0
623,27.8797147127085,4.289528777590063,0.0
624,27.674322788174255,4.046141066955172,0.0
625,27.677474410610465,4.085182331820328,0.0
626,27.451334896447687,4.179302972878825,0.0
627,27.8797147127085,4.099556812368916,0.0
628,27.427652973818326,4.092347710237828,0.0
629,27.87992949915448,4.093527811303166,0.0
630,27.993216876716325,4.301691222683469,0.0
631,27.875643055703527,4.195814334845072,0.0
632,27.8797147127085,4.184143380332031,0.0
633,27.21455100390363,4.0754911874085815,0.0
634,27.875643055703527,4.099556812368916,0.0
635,27.992078492107026,4.046141066955172,0.0
636,28.025173688248934,4.189301829689024,0.0
637,28.01090175771275,4.113936418874917,0.0
638,27.8982312007125,4.080521842099485,0.0
639,28.013791851283482,4.179588034152977,0.0
640,27.26151403500617,4.046141066955172,0.0
641,28.025173688248934,4.085182331820328,0.0
642,27.678536602140245,4.092347710237828,0.0
643,27.897289771000306,4.209138840976867,0.0
644,30.250748833138275,4.277112163733491,0.0
645,29.638356140534512,4.337096508549713,0.0
646,28.025173584360594,4.076323017638503,0.0
647,29.892297598864623,4.195814334845072,0.0
648,27.185814319318855,4.29375047436159,0.0
649,28.00464424856892,4.113936418874917,0.0
650,27.67406407736612,4.059095447780947,0.0
651,27.674052769080166,4.176711078275682,0.0
652,27.984942300737714,4.235493233038654,0.0
653,27.875787215568657,4.167148344520028,0.0
654,27.677474410610465,4.188634682865466,0.0
655,28.00635031875487,4.058867803010678,0.0
656,27.992078492107026,4.088932433745723,0.0
657,27.87992949915448,4.17686635026751,0.0
658,27.67605433824473,4.167148344520028,0.0
659,27.286182728338527,4.189301829689024,0.0
660,27.677228997603702,4.113936418874917,0.0
661,29.89230788381008,4.065105880620949,0.0
662,27.875643055703527,4.076323017638503,0.0
663,26.645666223093794,4.2639898060795876,0.0
664,27.985086460602844,4.205834793828005,0.0
665,27.696196526962897,4.059095447780947,0.0
666,27.984942300737714,4.046142917217799,0.0
667,27.6983091765523,4.18244932299894,0.0
668,28.01090186160109,4.186273412173702,0.0
669,27.894610481174382,4.0754911874085815,0.0
670,28.00390983009691,4.059095447780947,0.0
671,28.025173688248934,4.164323301144366,0.0
672,27.87832224164111,4.189301829689024,0.0
673,27.42433258542966,4.138958093172666,0.0
674,27.87992949915448,4.164323301144366,0.0
675,27.084082701815863,4.099556812368916,0.0
676,27.898752764760204,4.246768840600345,0.0
677,27.87832224164111,4.235493233038654,0.0
678,29.89230788381008,4.2020901283107905,0.0
679,28.00753044574669,4.179302972878825,0.0
680,26.670145518487107,4.068082574172069,0.0
681,26.650443570655902,4.053755371226226,0.0
682,28.025173688248934,4.059095447780947,0.0
683,27.875787215568657,4.244504792222126,0.0
684,27.902373484298323,4.093527811303166,0.0
685,28.00635031875487,4.249338559917262,0.0
686,26.648293478827355,4.080521842099485,0.0
687,27.985086460602844,4.046142917217799,0.0
688,27.684109250900487,4.059095447780947,0.0
689,26.65147232059138,4.347188283310473,0.0
690,27.701195373730073,4.046141066955172,0.0
691,27.992078492107026,4.046141066955172,0.0
692,27.0820811326513,4.058867803010678,0.0
693,27.266067705992917,4.0754911874085815,0.0
694,27.29429534829497,4.053755371226226,0.0
695,27.87846640150624,4.076323017638503,0.0
696,27.875787215568657,4.076323017638503,0.0
697,27.89875286864854,4.046141066955172,0.0
698,27.992078492107026,4.058867803010678,0.0
699,27.875572429122677,4.088932433745723,0.0
700,27.89875286864854,4.058867803010678,0.0
701,28.00753044574669,4.053755371226226,0.0
702,26.85904448063081,4.046141066955172,0.0
703,27.991934332241897,4.138958093172666,0.0
704,27.677228997603702,4.176711078275682,0.0
705,27.674052769080166,4.188634682865466,0.0
706,27.67741708183099,4.221648374365708,0.0
707,27.079108821599036,4.096450499149393,0.0
708,27.87832224164111,4.0754911874085815,0.0
709,27.107845506183814,4.209138840976867,0.0
710,27.87832224164111,4.088932433745723,0.0
711,26.96681299698109,4.113936418874917,0.0
712,29.896434543486357,4.099556812368916,0.0
713,27.875787215568657,4.2979753589078555,0.0
714,28.046687934249885,4.214786989908538,0.0
715,27.898752764760204,4.058867803010678,0.0
716,27.700075853420817,4.167148344520028,0.0
717,27.874495458828772,4.091944136703298,0.0
718,27.805032417774335,4.214769781038733,0.0
719,27.88455986714398,4.3198348115794145,0.0
720,28.01090175771275,4.085182331820328,0.0
721,29.889421686632307,4.0754911874085815,0.0
722,28.028794303898714,4.2767107197597305,0.0
723,28.028794303898714,4.099556812368916,0.0
724,27.677373157468832,4.28621932258643,0.0
725,27.696930945434907,4.195814334845072,0.0
726,27.44647634331239,4.059095447780947,0.0
727,27.424343893715612,4.046142917217799,0.0
728,27.07793696693873,4.096450499149393,0.0
729,27.874510237592897,4.238724789267752,0.0
730,27.0820811326513,4.093432161549539,0.0
731,28.00753044574669,4.221648374365708,0.0
732,27.4472107617844,4.214786989908538,0.0
733,27.991934332241897,4.185608086063362,0.0
734,29.89230788381008,4.099556812368916,0.0
735,28.011636280073102,4.058867803010678,0.0
736,26.859086321879154,4.176711078275682,0.0
737,27.69619642307456,4.243745063230657,0.0
738,28.025173584360594,4.291549392274307,0.0
739,27.171327962039044,4.185608086063362,0.0
740,27.87832224164111,4.0754911874085815,0.0
741,28.028794303898714,4.188634682865466,0.0
742,28.025173688248934,4.2020901283107905,0.0
743,27.992078492107026,4.046142917217799,0.0
744,27.291772922197488,4.058867803010678,0.0
745,27.8982312007125,4.085182331820328,0.0
746,27.984942300737714,4.0754911874085815,0.0
747,26.840129908920577,4.046141066955172,0.0
748,27.700075853420817,4.167148344520028,0.0
749,26.965499515931654,4.179302972878825,0.0
750,27.897289771000306,4.318193618685179,0.0
751,27.90572467120111,4.186273412173702,0.0
752,28.01452247725087,4.188634682865466,0.0
753,27.894610585062722,4.325899483075693,0.0
754,27.992078492107026,4.059095447780947,0.0
755,26.64611349480809,4.046141066955172,0.0
756,27.264039074344137,4.184143380332031,0.0
757,28.02492026035173,4.076323017638503,0.0
758,27.67743256936212,4.09654629001349,0.0
759,27.914292227975192,4.17686635026751,0.0
760,26.650587730521032,4.179302972878825,0.0
761,27.69757475808029,4.0754911874085815,0.0
762,27.678536602140245,4.0754911874085815,0.0
763,27.874495458828772,4.214769781038733,0.0
764,28.01452247725087,4.059095447780947,0.0
765,27.874510237592897,4.189301829689024,0.0
766,27.078242612263896,4.0754911874085815,0.0
767,27.897289667111966,4.046141066955172,0.0
768,27.475097700815635,4.17686635026751,0.0
769,28.00390983009691,4.059095447780947,0.0
770,27.874495458828772,4.058867803010678,0.0
771,27.991934332241897,4.0754911874085815,0.0
772,27.29740356347814,4.046141066955172,0.0
773,27.402196443597017,4.059095447780947,0.0
774,27.877174644766356,4.046141066955172,0.0
775,29.89230788381008,4.093432161549539,0.0
776,28.00390972620857,4.164323301144366,0.0
777,27.67745963184634,4.196112691790372,0.0
778,27.266067705992917,4.076323017638503,0.0
779,27.29629953070002,4.188634682865466,0.0
780,28.00753044574669,4.085182331820328,0.0
781,27.380052685714286,4.2020901283107905,0.0
782,27.984871674156864,4.467168989443822,0.0
783,27.67745963184634,4.088932433745723,0.0
784,27.984942300737714,4.046141066955172,0.0
785,27.898024189472316,4.185608086063362,0.0
786,26.779876249241163,4.046141066955172,0.0
787,27.676340111537083,4.2020901283107905,0.0
788,27.984942300737714,4.085182331820328,0.0
789,27.992078492107026,4.080521842099485,0.0
790,27.441646168005132,4.065105880620949,0.0
791,26.651958922534725,4.046141066955172,0.0
792,28.028794303898714,4.0754911874085815,0.0
793,28.025173688248934,4.113936418874917,0.0
794,28.025173688248934,4.065105880620949,0.0
795,27.69981714261268,4.046142917217799,0.0
796,26.67464190100064,4.076323017638503,0.0
797,27.87846640150624,4.284591436422671,0.0
798,28.01452247725087,4.164323301144366,0.0
799,28.01452247725087,4.059095447780947,0.0
800,27.26403646110365,4.093432161549539,0.0
801,29.89387395224432,4.195814334845072,0.0
802,27.875643055703527,4.198692134465194,0.0
803,26.96423717685427,4.085182331820328,0.0
804,28.04327055041618,4.065105880620949,0.0
805,27.1908152620199,4.164323301144366,0.0
806,28.00390983009691,4.0754911874085815,0.0
807,26.642166482667577,4.046141066955172,0.0
808,26.67465582252708,4.164323301144366,0.0
809,26.640383296081183,4.046142917217799,0.0
810,27.677228997603702,4.046141066955172,0.0
811,27.87825161506026,4.164323301144366,0.0
812,27.8982312007125,4.062063342288778,0.0
813,27.676313049052865,4.099556812368916,0.0
814,29.89230788381008,4.046141066955172,0.0
815,27.29740356347814,4.059095447780947,0.0
816,27.984871674156864,4.046141066955172,0.0
817,27.67544230848351,4.184143380332031,0.0
818,29.89230788381008,4.065105880620949,0.0
819,26.650443570655902,4.046142917217799,0.0
820,27.87992949915448,4.046142917217799,0.0
821,27.8982312007125,4.088932433745723,0.0
822,29.89230788381008,4.080521842099485,0.0
823,27.8797147127085,4.058867803010678,0.0
824,28.00390972620857,4.053755371226226,0.0
825,28.00753044574669,4.076323017638503,0.0
826,27.90774916582757,4.093527811303166,0.0
827,29.90154955420382,4.078483115367623,0.0
828,28.025173688248934,4.113936418874917,0.0
829,27.45265371567179,4.176711078275682,0.0
830,26.636907009347066,4.046141066955172,0.0
831,27.676313049052865,4.068082574172069,0.0
832,26.831874670855704,4.046141066955172,0.0
833,27.87825161506026,4.099556812368916,0.0
834,27.382096096127192,4.185608086063362,0.0
835,27.984942300737714,4.046141066955172,0.0
836,28.025173688248934,4.252179052451397,0.0
837,27.902373484298323,4.220640602937156,0.0
838,27.65213510960261,4.294652862715632,0.0
839,27.267359462732802,4.093432161549539,0.0
840,27.898752764760204,4.058867803010678,0.0
841,27.697189656243044,4.164323301144366,0.0
842,27.67635489030121,4.088932433745723,0.0
843,29.889421686632307,4.058867803010678,0.0
844,28.01452247725087,4.088188511005704,0.0
845,29.888676983214843,4.093432161549539,0.0
846,26.650297661232408,4.065105880620949,0.0
847,27.89875286864854,4.058867803010678,0.0
848,26.638232642832893,4.314011839950564,0.0
849,29.927974941891446,4.065105880620949,0.0
850,29.89230788381008,4.076323017638503,0.0
851,26.67465582252708,4.061835364511464,0.0
852,28.01452247725087,4.164323301144366,0.0
853,31.093163435796797,4.080521842099485,0.0
854,27.897289771000306,4.058867803010678,0.0
855,29.965015312539105,4.076323017638503,0.0
856,27.677158371022852,4.196112691790372,0.0
857,27.085186734593986,4.080521842099485,0.0
858,28.025173688248934,4.053755371226226,0.0
859,27.294297961535456,4.059095447780947,0.0
860,30.250748833138275,4.185608086063362,0.0
861,27.87992949915448,4.076323017638503,0.0
862,27.877174644766356,4.058867803010678,0.0
863,28.025173688248934,4.065105880620949,0.0
864,27.294309269821408,4.246723774211365,0.0
865,27.678607228721095,4.0754911874085815,0.0
866,27.87846640150624,4.059095447780947,0.0
867,28.268420639080627,4.2020901283107905,0.0
868,29.89230788381008,4.167148344520028,0.0
869,28.028794303898714,4.058867803010678,0.0
870,27.67741708183099,4.185608086063362,0.0
871,29.965015312539105,4.085182331820328,0.0
872,27.924165479767538,4.205270895227618,0.0
873,27.992078492107026,4.076323017638503,0.0
874,28.00753044574669,4.188634682865466,0.0
875,28.01090186160109,4.080521842099485,0.0
876,27.4058170592468,4.046142917217799,0.0
877,28.025173688248934,4.200349447801387,0.0
878,28.00390972620857,4.231344239539157,0.0
879,28.025173584360594,4.278942980352672,0.0
880,29.89230788381008,4.11684137543823,0.0
881,27.89875286864854,4.200349447801387,0.0
882,27.483603934463282,4.068082574172069,0.0
883,27.985086460602844,4.0754911874085815,0.0
884,27.87825161506026,4.058867803010678,0.0
885,26.636910465966643,4.046141066955172,0.0
886,27.67605433824473,4.058867803010678,0.0
887,27.107845506183814,4.113936418874917,0.0
888,28.01090175771275,4.17686635026751,0.0
889,28.01090186160109,4.2639898060795876,0.0
890,27.696455237771033,4.093527811303166,0.0
891,26.857042911466248,4.0754911874085815,0.0
892,27.902373484298323,4.046141066955172,0.0
893,29.888687268160297,4.195814334845072,0.0
894,28.028794303898714,4.092347710237828,0.0
895,27.483603934463282,4.083521163613629,0.0
896,28.00753044574669,4.167148344520028,0.0
897,27.8797147127085,4.0754911874085815,0.0
898,27.6983091765523,4.076323017638503,0.0
899,27.8797147127085,4.046141066955172,0.0
900,27.422386028716634,4.059095447780947,0.0
901,27.67741708183099,4.0754911874085815,0.0
902,28.00753044574669,4.203527579055578,0.0
903,27.18878663037112,4.059095447780947,0.0
904,27.260200553956732,4.185608086063362,0.0
905,29.894798876287116,4.0754911874085815,0.0
906,27.6983091765523,4.093527811303166,0.0
907,27.8797147127085,4.214769781038733,0.0
908,26.63654976660972,4.059095447780947,0.0
909,27.316441719418187,4.099556812368916,0.0
910,27.677158371022852,4.059095447780947,0.0
911,27.44647634331239,4.243745063230657,0.0
912,27.67745963184634,4.185608086063362,0.0
913,27.427652973818326,4.243745063230657,0.0
914,28.00464424856892,4.17686635026751,0.0
915,27.67605433824473,4.2020901283107905,0.0
916,27.87992949915448,4.18244932299894,0.0
917,27.894610481174382,4.046142917217799,0.0
918,27.89875286864854,4.138958093172666,0.0
919,30.26862070584282,4.138958093172666,0.0
920,27.69981714261268,4.049091894025671,0.0
921,28.01090186160109,4.046142917217799,0.0
922,28.00390983009691,4.198692134465194,0.0
923,27.67605433824473,4.188634682865466,0.0
924,27.900910386650086,4.065105880620949,0.0
925,27.291772922197488,4.099556812368916,0.0
926,27.87992949915448,4.214786989908538,0.0
927,27.875572429122677,4.088932433745723,0.0
928,29.90427869511877,4.2020901283107905,0.0
929,27.678536602140245,4.179588034152977,0.0
930,27.266067705992917,4.246723774211365,0.0
931,27.676313049052865,4.0754911874085815,0.0
932,27.87846640150624,4.189301829689024,0.0
933,27.984942300737714,4.30652613502669,0.0
934,27.44647634331239,4.179588034152977,0.0
935,27.696196526962897,4.179302972878825,0.0
936,27.985086460602844,4.167148344520028,0.0
937,27.67743256936212,4.091944136703298,0.0
938,30.295739172272075,4.093432161549539,0.0
939,26.650587730521032,4.278942980352672,0.0
940,27.085401521039966,4.058867803010678,0.0
941,27.294309269821408,4.080521842099485,0.0
942,27.87992949915448,4.046142917217799,0.0
943,27.897289771000306,4.099556812368916,0.0
944,27.402196443597017,4.205834793828005,0.0
945,27.984942300737714,4.113936418874917,0.0
946,27.184948109983715,4.179302972878825,0.0
947,27.696455237771033,4.164323301144366,0.0
948,27.678607228721095,4.088188511005704,0.0
949,27.191892232313805,4.088932433745723,0.0
950,27.32006233506797,4.179588034152977,0.0
951,27.260200553956732,4.088932433745723,0.0
952,27.085186734593986,4.18729702553559,0.0
953,27.875787215568657,4.053755371226226,0.0
954,27.902373484298323,4.095364448195817,0.0
955,27.42636121707844,4.309936996932657,0.0
956,28.01090175771275,4.209138840976867,0.0
957,27.402196443597017,4.314011839950564,0.0
958,27.079556093313332,4.046141066955172,0.0
959,27.082092440937252,4.046142917217799,0.0
960,27.677373157468832,4.184143380332031,0.0
961,27.87825161506026,4.200349447801387,0.0
962,27.87825161506026,4.058867803010678,0.0
963,26.63901210406749,4.093527811303166,0.0
964,27.191470150757212,4.093432161549539,0.0
965,28.01090186160109,4.093432161549539,0.0
966,27.677158371022852,4.220640602937156,0.0
967,27.87992949915448,4.11684137543823,0.0
968,27.678607228721095,4.065105880620949,0.0
969,27.67743256936212,4.223849526083042,0.0
970,28.028794303898714,4.059095447780947,0.0
971,28.025908106720944,4.0754911874085815,0.0
972,28.025173688248934,4.228123922934191,0.0
973,28.025173688248934,4.249338559917262,0.0
974,27.67745963184634,4.11684137543823,0.0
975,27.984871674156864,4.281007511221164,0.0
976,27.89948728712055,4.085182331820328,0.0
977,27.449330714042635,4.053755371226226,0.0
978,27.918782259354632,4.053755371226226,0.0
979,28.028794303898714,4.080521842099485,0.0
980,27.67635489030121,4.085182331820328,0.0
981,30.258997153383213,4.2126020964562745,0.0
982,26.843235510863266,4.284591436422671,0.0
983,29.89230788381008,4.093432161549539,0.0
984,27.289803447876647,4.164323301144366,0.0
985,28.01452247725087,4.164323301144366,0.0
986,29.89230788381008,4.099556812368916,0.0
987,27.991934332241897,4.065105880620949,0.0
988,27.07793696693873,4.113936418874917,0.0
989,27.984942300737714,4.188634682865466,0.0
990,27.677228997603702,4.214769781038733,0.0
991,26.85904448063081,4.093527811303166,0.0
992,27.87825161506026,4.093432161549539,0.0
993,27.701195373730073,4.196112691790372,0.0
994,28.025173688248934,4.220640602937156,0.0
995,27.084082701815863,4.053755371226226,0.0
996,29.888676983214843,4.059095447780947,0.0
997,27.426334154594223,4.080521842099485,0.0
998,26.64931075254527,4.249338559917262,0.0
999,27.296341371948362,4.185608086063362,0.0
1000,28.028894186614767,4.092347710237828,0.0
1001,27.897289771000306,4.096450499149393,0.0
1002,28.00464424856892,4.088932433745723,0.0
1003,27.18626159103315,4.053755371226226,0.0
1004,29.889421686632307,4.164323301144366,0.0
1005,27.38006399400024,4.083521163613629,0.0
1006,27.503746123181447,4.053755371226226,0.0
1007,27.38006399400024,4.065105880620949,0.0
1008,27.38006399400024,4.046141066955172,0.0
1009,26.854070600413984,4.205834793828005,0.0
1010,27.677474410610465,4.113936418874917,0.0
1011,27.8797147127085,4.277112163733491,0.0
1012,27.67745963184634,4.195814334845072,0.0
1013,28.00753044574669,4.113936418874917,0.0
1014,27.079556093313332,4.188634682865466,0.0
1015,26.64265640942649,4.046141066955172,0.0
1016,27.87846640150624,4.088932433745723,0.0
1017,27.67748770841184,4.196112691790372,0.0
1018,27.87825161506026,4.065105880620949,0.0
1019,27.29429534829497,4.18244932299894,0.0
1020,28.00390972620857,4.085182331820328,0.0
1021,27.875787215568657,4.046141066955172,0.0
1022,27.87978533928935,4.228123922934191,0.0
1023,27.87825161506026,4.085182331820328,0.0
1024,26.672372007649155,4.205834793828005,0.0
1025,27.894610585062722,4.056715459000889,0.0
1026,27.895345003534732,4.243745063230657,0.0
1027,27.992078492107026,4.080521842099485,0.0
1028,27.67743256936212,4.113936418874917,0.0
1029,29.89230788381008,4.284591436422671,0.0
1030,27.481602365298716,4.088932433745723,0.0
1031,27.424329972189174,4.0754911874085815,0.0
1032,28.01090186160109,4.080521842099485,0.0
1033,27.696455237771033,4.080521842099485,0.0
1034,27.676313049052865,4.076323017638503,0.0
1035,27.085257361174836,4.046142917217799,0.0
1036,27.426375995842566,4.053755371226226,0.0
1037,26.86589428245309,4.11684137543823,0.0
1038,27.875787215568657,4.189301829689024,0.0
1039,29.89230788381008,4.252179052451397,0.0
1040,27.677228997603702,4.246723774211365,0.0
1041,27.894610585062722,4.085182331820328,0.0
1042,27.984942300737714,4.058867803010678,0.0
1043,27.678536602140245,4.065105880620949,0.0
1044,29.89230788381008,4.214786989908538,0.0
1045,27.678536602140245,4.11684137543823,0.0
1046,27.985086460602844,4.059095447780947,0.0
1047,28.01090186160109,4.176711078275682,0.0
1048,27.9240620991225,4.080521842099485,0.0
1049,27.082078519410814,4.076323017638503,0.0
1050,27.87832224164111,4.093432161549539,0.0
1051,27.316441719418187,4.093527811303166,0.0
1052,29.888676983214843,4.196112691790372,0.0
1053,27.29740356347814,4.092347710237828,0.0
1054,27.266067705992917,4.058867803010678,0.0
1055,26.834147784201008,4.184143380332031,0.0
1056,27.44647634331239,4.093527811303166,0.0
1057,27.084124543064206,4.353609970416558,0.0
1058,29.89230788381008,4.059095447780947,0.0
1059,27.87825161506026,4.059095447780947,0.0
1060,27.874495458828772,4.277112163733491,0.0
1061,27.67745963184634,4.046141066955172,0.0
1062,28.028794303898714,4.198692134465194,0.0
1063,28.01090186160109,4.138958093172666,0.0
1064,27.427652973818326,4.053755371226226,0.0
1065,28.00635031875487,4.053755371226226,0.0
1066,28.011636280073102,4.093432161549539,0.0
1067,28.84589208901554,4.065105880620949,0.0
1068,27.079108821599036,4.092347710237828,0.0
1069,26.64021245767163,4.059095447780947,0.0
1070,27.985086460602844,4.11684137543823,0.0
1071,27.87846640150624,4.373728936638963,0.0
1072,28.025173688248934,4.252179052451397,0.0
1073,28.00390972620857,4.059095447780947,0.0
1074,27.085401521039966,4.285570246007004,0.0
1075,27.8982312007125,4.235493233038654,0.0
1076,27.676340111537083,4.2020901283107905,0.0
1077,27.38205425487885,4.088932433745723,0.0
1078,27.29629953070002,4.284591436422671,0.0
1079,27.678536602140245,4.167148344520028,0.0
1080,27.427652973818326,4.17686635026751,0.0
1081,27.992078492107026,4.080521842099485,0.0
1082,27.678536602140245,4.180009031299507,0.0
1083,28.01090186160109,4.099556812368916,0.0
1084,28.00753044574669,4.046142917217799,0.0
1085,27.450096958962174,4.164323301144366,0.0
1086,28.00390983009691,4.142043967524966,0.0
1087,27.42636121707844,4.046141066955172,0.0
1088,27.67763186827697,4.059095447780947,0.0
1089,27.875643055703527,4.096450499149393,0.0
1090,27.18626159103315,4.189301829689024,0.0
1091,29.89230788381008,4.076323017638503,0.0
1092,28.00390983009691,4.167148344520028,0.0
1093,27.984942300737714,4.176711078275682,0.0
1094,29.89230788381008,4.18729702553559,0.0
1095,29.89230788381008,4.179302972878825,0.0
1096,26.643123176419795,4.224858830680312,0.0
1097,27.677228997603702,4.249338559917262,0.0
1098,26.77603772885376,4.046141066955172,0.0
1099,29.89230788381008,4.088932433745723,0.0
1100,27.0820811326513,4.080521842099485,0.0
1101,27.166801353536513,4.083521163613629,0.0
1102,27.67605433824473,4.046141066955172,0.0
1103,27.185814319318855,4.080521842099485,0.0
1104,27.67745963184634,4.176711078275682,0.0
1105,27.426334154594223,4.053755371226226,0.0
1106,29.89230788381008,4.195814334845072,0.0
1107,27.677373157468832,4.138958093172666,0.0
1108,27.986010404738735,4.138958093172666,0.0
1109,27.18464246465855,4.205834793828005,0.0
1110,27.0820811326513,4.080521842099485,0.0
1111,29.912421405155442,4.196112691790372,0.0
1112,27.8982312007125,4.188634682865466,0.0
1113,27.67605433824473,4.176711078275682,0.0
1114,27.42636121707844,4.058867803010678,0.0
1115,26.64021245767163,4.088932433745723,0.0
1116,27.678607228721095,4.0754911874085815,0.0
1117,30.262667576815144,4.179588034152977,0.0
1118,27.891820622488524,4.11684137543823,0.0
1119,27.984942300737714,4.176711078275682,0.0
1120,27.67544230848351,4.209138840976867,0.0
1121,28.011636280073102,4.046141066955172,0.0
1122,27.87978533928935,4.373728936638963,0.0
1123,27.481602365298716,4.085182331820328,0.0
1124,27.484922753687385,4.058867803010678,0.0
1125,28.00635031875487,4.17686635026751,0.0
1126,29.888687268160297,4.053755371226226,0.0
1127,26.783196637629832,4.246768840600345,0.0
1128,27.877174644766356,4.046141066955172,0.0
1129,28.028794303898714,4.185608086063362,0.0
1130,27.677474410610465,4.164323301144366,0.0
1131,28.00390972620857,4.0754911874085815,0.0
1132,27.267359462732802,4.246723774211365,0.0
1133,27.897289771000306,4.093432161549539,0.0
1134,29.888676983214843,4.046141066955172,0.0
1135,27.874495458828772,4.179302972878825,0.0
1136,28.028794303898714,4.176711078275682,0.0
1137,27.875572429122677,4.088932433745723,0.0
1138,26.677964902629792,4.196112691790372,0.0
1139,28.01119755076543,4.18729702553559,0.0
1140,27.884141183311705,4.0754911874085815,0.0
1141,27.677474410610465,4.076323017638503,0.0
1142,26.677750116183812,4.053755371226226,0.0
1143,27.984871674156864,4.058867803010678,0.0
1144,26.6662184377667,4.083521163613629,0.0
1145,27.297474190058995,4.093527811303166,0.0
1146,27.8982312007125,4.294652862715632,0.0
1147,27.918740759463045,4.186273412173702,0.0
1148,27.89875286864854,4.185608086063362,0.0
1149,26.647267342132363,4.102584192224154,0.0
1150,27.99945220684347,4.179302972878825,0.0
1151,27.166801353536513,4.085182331820328,0.0
1152,28.01090186160109,4.113936418874917,0.0
1153,29.888676983214843,4.188634682865466,0.0
1154,27.8982312007125,4.080521842099485,0.0
1155,27.67745963184634,4.058867803010678,0.0
1156,27.87846640150624,4.088932433745723,0.0
1157,27.874510237592897,4.11684137543823,0.0
1158,29.584303796446243,4.076323017638503,0.0
1159,27.87832224164111,4.053755371226226,0.0
1160,27.26405038263009,4.17686635026751,0.0
1161,29.146552503597963,4.167148344520028,0.0
1162,27.503746123181447,4.198692134465194,0.0
1163,30.282797259594165,4.246723774211365,0.0
1164,28.00464424856892,4.080521842099485,0.0
1165,28.025173584360594,4.32454306640438,0.0
1166,29.911075578669934,4.0754911874085815,0.0
1167,27.29429534829497,4.065105880620949,0.0
1168,27.87832224164111,4.046141066955172,0.0
1169,27.875643055703527,4.046141066955172,0.0
1170,26.96423717685427,4.058867803010678,0.0
1171,27.471477085165855,4.080521842099485,0.0
1172,27.701195373730073,4.093432161549539,0.0
1173,27.894610585062722,4.058867803010678,0.0
1174,27.87825161506026,4.092347710237828,0.0
1175,27.08410976430008,4.046142917217799,0.0
1176,27.91819586767121,4.185608086063362,0.0
1177,27.077176841242032,4.053755371226226,0.0
1178,27.8982312007125,4.058867803010678,0.0
1179,27.874495458828772,4.053755371226226,0.0
1180,28.025173688248934,4.164323301144366,0.0
1181,26.636893158922703,4.076323017638503,0.0
1182,27.894610585062722,4.093432161549539,0.0
1183,27.985086460602844,4.195814334845072,0.0
1184,26.648978126241957,4.113936418874917,0.0
1185,27.89875286864854,4.167148344520028,0.0
1186,26.779887557527115,4.185608086063362,0.0
1187,27.69757475808029,4.085182331820328,0.0
1188,28.05616243159755,4.205834793828005,0.0
1189,27.316441719418187,4.059095447780947,0.0
1190,27.084082701815863,4.049091894025671,0.0
1191,27.402930862069027,4.046141066955172,0.0
1192,27.87992949915448,4.179588034152977,0.0
1193,27.37752764637632,4.09654629001349,0.0
1194,29.89230788381008,4.309936996932657,0.0
1195,27.87992949915448,4.076323017638503,0.0
1196,27.191470150757212,4.092347710237828,0.0
1197,27.87978533928935,4.0754911874085815,0.0
1198,27.874495458828772,4.138958093172666,0.0
1199,27.985086460602844,4.056715459000889,0.0
1200,28.01452247725087,4.058867803010678,0.0
1201,27.88821958401071,4.186273412173702,0.0
1202,27.875643055703527,4.046141066955172,0.0
1203,26.642313967348276,4.138958093172666,0.0
1204,27.874510237592897,4.444716240667752,0.0
1205,27.89875286864854,4.059095447780947,0.0
1206,28.00464424856892,4.076323017638503,0.0
1207,27.875643055703527,4.221648374365708,0.0
1208,26.882807284998762,4.185608086063362,0.0
1209,26.643879880017657,4.046142917217799,0.0
1210,27.902373484298323,4.209138840976867,0.0
1211,28.00753044574669,4.059095447780947,0.0
1212,27.696196526962897,4.214786989908538,0.0
1213,27.985086460602844,4.046142917217799,0.0
1214,28.01452247725087,4.093527811303166,0.0
1215,27.984942300737714,4.0754911874085815,0.0
1216,28.01090175771275,4.059095447780947,0.0
1217,27.701195373730073,4.164323301144366,0.0
1218,27.67763186827697,4.113936418874917,0.0
1219,28.00753044574669,4.053755371226226,0.0
1220,26.991481690313453,4.195814334845072,0.0
1221,27.4895007056613,4.214769781038733,0.0
1222,28.025173688248934,4.076323017638503,0.0
1223,27.449330714042635,4.179588034152977,0.0
1224,29.89230788381008,4.272652998126761,0.0
1225,28.00753044574669,4.19179510456999,0.0
1226,28.025173584360594,4.049091894025671,0.0
1227,27.67406407736612,4.088932433745723,0.0
1228,27.084124543064206,4.167447128637499,0.0
1229,27.67743256936212,4.046142917217799,0.0
1230,28.01090186160109,4.076323017638503,0.0
1231,29.89230788381008,4.058867803010678,0.0
1232,27.875787215568657,4.179302972878825,0.0
1233,27.992078492107026,4.088932433745723,0.0
1234,27.87978533928935,4.058867803010678,0.0
1235,27.08410976430008,4.0754911874085815,0.0
1236,27.42636121707844,4.176711078275682,0.0
1237,27.67741708183099,4.093432161549539,0.0
1238,27.169337701160433,4.102584192224154,0.0
1239,28.00753044574669,4.17686635026751,0.0
1240,27.383158287656972,4.185608086063362,0.0
1241,28.028794303898714,4.0754911874085815,0.0
1242,27.89875286864854,4.046142917217799,0.0
1243,27.696196526962897,4.061835364511464,0.0
1244,27.984942300737714,4.195814334845072,0.0
1245,27.8982312007125,4.080521842099485,0.0
1246,27.172502621398017,4.184143380332031,0.0
1247,28.00390983009691,4.053755371226226,0.0
1248,29.922483734492396,4.046141066955172,0.0
1249,27.897289771000306,4.062063342288778,0.0
1250,27.427438187372346,4.138958093172666,0.0
1251,27.87825161506026,4.046141066955172,0.0
1252,27.902373484298323,4.188634682865466,0.0
1253,29.89230788381008,4.080521842099485,0.0
1254,26.638841265657938,4.261873408379627,0.0
1255,27.875572429122677,4.167148344520028,0.0
1256,27.894610585062722,4.085182331820328,0.0
1257,28.025908106720944,4.0754911874085815,0.0
1258,28.043368099597153,4.080521842099485,0.0
1259,27.701195373730073,4.17686635026751,0.0
1260,29.89230788381008,4.189301829689024,0.0
1261,29.89230788381008,4.093527811303166,0.0
1262,27.67745963184634,4.176711078275682,0.0
1263,28.025908106720944,4.188634682865466,0.0
1264,27.875572429122677,4.0754911874085815,0.0
1265,26.64021245767163,4.185608086063362,0.0
1266,27.67406407736612,4.099556812368916,0.0
1267,27.172431994817167,4.228123922934191,0.0
1268,27.991934332241897,4.088932433745723,0.0
1269,26.836291388533173,4.065105880620949,0.0
1270,27.21093028436551,4.046141066955172,0.0
1271,27.31644161552985,4.305024622277065,0.0
1272,27.985086460602844,4.046141066955172,0.0
1273,27.678536602140245,4.179588034152977,0.0
1274,28.01090186160109,4.261873408379627,0.0
1275,29.889421686632307,4.205834793828005,0.0
1276,26.649295973781147,4.113936418874917,0.0
1277,27.894610481174382,4.093432161549539,0.0
1278,28.01452247725087,4.0754911874085815,0.0
1279,27.67743256936212,4.314011839950564,0.0
1280,28.01090186160109,4.099556812368916,0.0
1281,27.481602365298716,4.214786989908538,0.0
1282,28.00390983009691,4.186273412173702,0.0
1283,27.898752764760204,4.088932433745723,0.0
1284,28.07737588745077,4.076323017638503,0.0
1285,27.984942300737714,4.058867803010678,0.0
1286,27.696196526962897,4.2126020964562745,0.0
1287,26.860148513408937,4.058867803010678,0.0
1288,27.085401521039966,4.059095447780947,0.0
1289,27.484922753687385,4.167148344520028,0.0
1290,27.082092440937252,4.059095447780947,0.0
1291,28.00390972620857,4.138958093172666,0.0
1292,27.674311479888303,4.080521842099485,0.0
1293,27.426334154594223,4.080521842099485,0.0
1294,27.696196526962897,4.053755371226226,0.0
1295,26.777351209903195,4.196112691790372,0.0
1296,28.025173688248934,4.205834793828005,0.0
1297,27.427438187372346,4.085182331820328,0.0
1298,26.642998614762877,4.080521842099485,0.0
1299,27.261066763291872,4.059095447780947,0.0
1300,27.424329972189174,4.046142917217799,0.0
1301,27.18879793865707,4.065105880620949,0.0
1302,27.895345003534732,4.059095447780947,0.0
1303,26.643123176419795,4.065105880620949,0.0
1304,27.677228997603702,4.11684137543823,0.0
1305,28.028794303898714,4.053755371226226,0.0
1306,29.982074602105442,4.138958093172666,0.0
1307,27.992078492107026,4.080521842099485,0.0
1308,27.67743256936212,4.113936418874917,0.0
1309,27.67748770841184,4.246723774211365,0.0
1310,28.01090186160109,4.080521842099485,0.0
1311,27.874510237592897,4.046141066955172,0.0
1312,27.87846640150624,4.366963343110225,0.0
1313,27.89875286864854,4.113936418874917,0.0
1314,27.677158371022852,4.065105880620949,0.0
1315,27.169323779633995,4.188634682865466,0.0
1316,28.025173688248934,4.0754911874085815,0.0
1317,27.67743256936212,4.2020901283107905,0.0
1318,26.636893158922703,4.059095447780947,0.0
1319,27.87718942353048,4.164323301144366,0.0
1320,28.01090186160109,4.11684137543823,0.0
1321,28.01090186160109,4.195814334845072,0.0
1322,26.650443570655902,4.093527811303166,0.0
1323,27.484707967241405,4.228123922934191,0.0
1324,29.889421686632307,4.059095447780947,0.0
1325,27.426334154594223,4.164323301144366,0.0
1326,27.894610585062722,4.088932433745723,0.0
1327,28.025173688248934,4.065105880620949,0.0
1328,27.8982312007125,4.093432161549539,0.0
1329,28.00635031875487,4.065105880620949,0.0
1330,27.289803447876647,4.189301829689024,0.0
1331,27.29740356347814,4.046142917217799,0.0
1332,27.676081400728947,4.085182331820328,0.0
1333,27.894610585062722,4.138958093172666,0.0
1334,28.025173688248934,4.085182331820328,0.0
1335,30.250748833138275,4.068082574172069,0.0
1336,27.697574654191953,4.093527811303166,0.0
1337,28.00390983009691,4.046142917217799,0.0
1338,30.250748833138275,4.188634682865466,0.0
1339,26.6447423027944,4.058867803010678,0.0
1340,27.38205425487885,4.058867803010678,0.0
1341,27.87992949915448,4.184143380332031,0.0
1342,28.025173584360594,4.046141066955172,0.0
1343,28.29183873231801,4.058867803010678,0.0
1344,27.382081317363067,4.189301829689024,0.0
1345,27.29740356347814,4.085182331820328,0.0
1346,28.00390972620857,4.046141066955172,0.0
1347,27.42433258542966,4.076323017638503,0.0
1348,27.078242612263896,4.059095447780947,0.0
1349,28.00390983009691,4.2020901283107905,0.0
1350,30.01000565167291,4.11684137543823,0.0
1351,27.87978533928935,4.059095447780947,0.0
1352,27.875572429122677,4.085182331820328,0.0
1353,27.10422489053403,4.164323301144366,0.0
1354,27.874468396344554,4.164323301144366,0.0
1355,26.857042911466248,4.11684137543823,0.0
1356,27.191962858894655,4.238724789267752,0.0
1357,27.8833089602306,4.246723774211365,0.0
1358,27.42433258542966,4.18244932299894,0.0
1359,26.641517590271615,4.301691222683469,0.0
1360,27.426334154594223,4.076323017638503,0.0
1361,28.028794303898714,4.288119925360583,0.0
1362,27.87992949915448,4.046142917217799,0.0
1363,27.8797147127085,4.088932433745723,0.0
1364,27.266067705992917,4.088932433745723,0.0
1365,26.636893158922703,4.059095447780947,0.0
1366,27.894610585062722,4.284591436422671,0.0
1367,27.895345003534732,4.076323017638503,0.0
1368,28.00753044574669,4.099556812368916,0.0
1369,28.00753044574669,4.309936996932657,0.0
1370,28.01452247725087,4.235493233038654,0.0
1371,27.897289771000306,4.176711078275682,0.0
1372,28.00390983009691,4.113936418874917,0.0
1373,28.025173584360594,4.2020901283107905,0.0
1374,27.696196526962897,4.092347710237828,0.0
1375,27.38205425487885,4.0754911874085815,0.0
1376,27.895345003534732,4.2020901283107905,0.0
1377,27.902373484298323,4.209138840976867,0.0
1378,29.96918817693246,4.088932433745723,0.0
1379,27.984942300737714,4.085182331820328,0.0
1380,27.87978533928935,4.0754911874085815,0.0
1381,27.992078492107026,4.0754911874085815,0.0
1382,27.90399901111487,4.092347710237828,0.0
1383,27.984942300737714,4.093432161549539,0.0
1384,27.900910386650086,4.214769781038733,0.0
1385,26.641517590271615,4.1887639404228985,0.0
1386,30.250748833138275,4.099556812368916,0.0
1387,28.028794303898714,4.246768840600345,0.0
1388,27.894610481174382,4.198692134465194,0.0
1389,27.894610585062722,4.076323017638503,0.0
1390,29.888676983214843,4.167148344520028,0.0
1391,27.8797147127085,4.058867803010678,0.0
1392,27.875572429122677,4.088932433745723,0.0
1393,27.079556093313332,4.189301829689024,0.0
1394,28.025173688248934,4.056715459000889,0.0
1395,26.676673145889907,4.318193618685179,0.0
1396,27.87825161506026,4.046141066955172,0.0
1397,27.875787215568657,4.099556812368916,0.0
1398,27.894610585062722,4.189301829689024,0.0
1399,27.164422101465213,4.176711078275682,0.0
1400,26.842173319333483,4.058867803010678,0.0
1401,26.67695821087654,4.059095447780947,0.0
1402,28.01452247725087,4.138958093172666,0.0
1403,27.991934332241897,4.046141066955172,0.0
1404,27.42433258542966,4.209021234460059,0.0
1405,27.894610481174382,4.176711078275682,0.0
1406,27.874510237592897,4.164323301144366,0.0
1407,27.426375995842566,4.046141066955172,0.0
1408,27.696196526962897,4.0754911874085815,0.0
1409,27.894610585062722,4.068082574172069,0.0
1410,27.383158287656972,4.093527811303166,0.0
1411,28.00390972620857,4.059095447780947,0.0
1412,27.084082701815863,4.11684137543823,0.0
1413,27.297618349924125,4.099556812368916,0.0
1414,27.382081317363067,4.088932433745723,0.0
1415,28.025173688248934,4.076323017638503,0.0
1416,27.87825161506026,4.068082574172069,0.0
1417,27.875643055703527,4.053755371226226,0.0
1418,27.67544230848351,4.080521842099485,0.0
1419,28.01090186160109,4.095364448195817,0.0
1420,28.0522836826509,4.246768840600345,0.0
1421,27.67743256936212,4.049091894025671,0.0
1422,27.678607228721095,4.092347710237828,0.0
1423,27.895345003534732,4.099556812368916,0.0
1424,27.427652973818326,4.099556812368916,0.0
1425,27.67741708183099,4.092347710237828,0.0
1426,27.678607228721095,4.198692134465194,0.0
1427,26.63901210406749,4.093527811303166,0.0
1428,26.670805993853723,4.261873408379627,0.0
1429,27.677474410610465,4.058867803010678,0.0
1430,27.8797147127085,4.092347710237828,0.0
1431,27.264039074344137,4.184143380332031,0.0
1432,27.875643055703527,4.053755371226226,0.0
1433,27.875643055703527,4.059095447780947,0.0
1434,27.984942300737714,4.046141066955172,0.0
1435,27.67605433824473,4.046141066955172,0.0
1436,27.678607228721095,4.088932433745723,0.0
1437,28.00390972620857,4.080521842099485,0.0
1438,27.424343893715612,4.138958093172666,0.0
1439,27.89875286864854,4.046141066955172,0.0
1440,28.025173688248934,4.046142917217799,0.0
1441,26.65098230864701,4.046141066955172,0.0
1442,27.8797147127085,4.053755371226226,0.0
1443,27.87978533928935,4.076323017638503,0.0
1444,26.651958922534725,4.058867803010678,0.0
1445,26.777351209903195,4.046141066955172,0.0
1446,27.188784017130633,4.053755371226226,0.0
1447,28.027251917517237,4.076323017638503,0.0
1448,27.875572429122677,4.065105880620949,0.0
1449,26.78298185118385,4.053755371226226,0.0
1450,26.63819844595019,4.0754911874085815,0.0
1451,27.87846640150624,4.0754911874085815,0.0
1452,28.025173584360594,4.065105880620949,0.0
1453,28.01452247725087,4.167148344520028,0.0
1454,27.902373484298323,4.167148344520028,0.0
1455,28.00390983009691,4.093432161549539,0.0
1456,28.01452247725087,4.059095447780947,0.0
1457,27.8797147127085,4.280005501933665,0.0
1458,27.99743635442129,4.196112691790372,0.0
1459,27.875787215568657,4.085182331820328,0.0
1460,27.902373484298323,4.176711078275682,0.0
1461,27.999473018772168,4.046141066955172,0.0
1462,29.888676983214843,4.080521842099485,0.0
1463,28.028794303898714,4.18244932299894,0.0
1464,27.991934332241897,4.164323301144366,0.0
1465,27.897289771000306,4.301967307338375,0.0
1466,27.87992949915448,4.080521842099485,0.0
1467,27.89875286864854,4.138958093172666,0.0
1468,27.900910386650086,4.164323301144366,0.0
1469,27.67406407736612,4.099556812368916,0.0
1470,27.697574654191953,4.088932433745723,0.0
1471,27.426334154594223,4.291549392274307,0.0
1472,29.888676983214843,4.049091894025671,0.0
1473,27.677158371022852,4.179302972878825,0.0
1474,28.025173688248934,4.046142917217799,0.0
1475,27.696455237771033,4.0754911874085815,0.0
1476,27.678536602140245,4.189301829689024,0.0
1477,27.902373484298323,4.053755371226226,0.0
1478,27.894610585062722,4.049091894025671,0.0
1479,27.678751388586225,4.244504792222126,0.0
1480,28.025908106720944,4.164323301144366,0.0
1481,27.678751388586225,4.209410233788648,0.0
1482,27.894610585062722,4.046141066955172,0.0
1483,28.00390983009691,4.212330291924565,0.0
1484,27.87978533928935,4.185608086063362,0.0
1485,27.67635489030121,4.085182331820328,0.0
1486,27.87825161506026,4.053755371226226,0.0
1487,28.028794303898714,4.0754911874085815,0.0
1488,27.87832224164111,4.080521842099485,0.0
1489,28.01090186160109,4.0754911874085815,0.0
1490,26.995102409851572,4.088932433745723,0.0
1491,27.67544230848351,4.046141066955172,0.0
1492,27.69757475808029,4.285570246007004,0.0
1493,28.00753044574669,4.085182331820328,0.0
1494,29.89230788381008,4.099556812368916,0.0
1495,27.677158371022852,4.164323301144366,0.0
1496,27.918740759463045,4.076323017638503,0.0
1497,29.889421686632307,4.0754911874085815,0.0
1498,28.028794303898714,4.093527811303166,0.0
1499,27.69757475808029,4.088932433745723,0.0
1500,29.89230788381008,4.065105880620949,0.0
1501,28.01090186160109,4.058867803010678,0.0
1502,27.264039074344137,4.176711078275682,0.0
1503,27.085186734593986,4.053755371226226,0.0
1504,27.29629953070002,4.179302972878825,0.0
1505,28.01090186160109,4.188634682865466,0.0
1506,27.08410976430008,4.085182331820328,0.0
1507,27.992078492107026,4.076323017638503,0.0
1508,27.424343893715612,4.058867803010678,0.0
1509,28.00753044574669,4.085182331820328,0.0
1510,26.637169696014713,4.058867803010678,0.0
1511,28.051705509855505,4.102584192224154,0.0
1512,28.01204478918788,4.059095447780947,0.0
1513,26.8570542197522,4.198692134465194,0.0
1514,27.67763186827697,4.33629593873397,0.0
1515,29.90093237779276,4.0754911874085815,0.0
1516,27.992078492107026,4.200349447801387,0.0
1517,27.677158371022852,4.0754911874085815,0.0
1518,28.01090186160109,4.176711078275682,0.0
1519,27.894610585062722,4.093432161549539,0.0
1520,28.01090186160109,4.138958093172666,0.0
1521,27.677228997603702,4.167148344520028,0.0
1522,27.696455237771033,4.214769781038733,0.0
1523,27.451334896447687,4.205834793828005,0.0
1524,28.00390972620857,4.176711078275682,0.0
1525,27.697574654191953,4.249338559917262,0.0
1526,27.87978533928935,4.092347710237828,0.0
1527,28.01090186160109,4.185608086063362,0.0
1528,27.3800500724738,4.252179052451397,0.0
1529,27.38205425487885,4.053755371226226,0.0
1530,28.032496037088897,4.099556812368916,0.0
1531,27.085401521039966,4.11684137543823,0.0
1532,27.8982312007125,4.093527811303166,0.0
1533,27.895345003534732,4.198692134465194,0.0
1534,28.00390983009691,4.088932433745723,0.0
1535,27.166801353536513,4.053755371226226,0.0
1536,27.89875286864854,4.046141066955172,0.0
1537,27.67743256936212,4.185608086063362,0.0
1538,27.676096179493072,4.046141066955172,0.0
1539,27.992078492107026,4.243745063230657,0.0
1540,27.894610585062722,4.0754911874085815,0.0
1541,28.011636280073102,4.046141066955172,0.0
1542,29.89230788381008,4.176711078275682,0.0
1543,27.26403646110365,4.085182331820328,0.0
1544,29.889421686632307,4.179302972878825,0.0
1545,27.875572429122677,4.205270895227618,0.0
1546,27.874468396344554,4.076323017638503,0.0
1547,28.00390983009691,4.046142917217799,0.0
1548,28.02396310537481,4.046142917217799,0.0
1549,27.87718942353048,4.498761447984808,0.0
1550,27.696196526962897,4.080521842099485,0.0
1551,27.696196526962897,4.046141066955172,0.0
1552,27.992078492107026,4.046142917217799,0.0
1553,27.874510237592897,4.093432161549539,0.0
1554,27.88443612312895,4.0754911874085815,0.0
1555,26.78191965965407,4.056715459000889,0.0
1556,27.37810612900126,4.093432161549539,0.0
1557,27.902373484298323,4.11684137543823,0.0
1558,27.26176656775216,4.138958093172666,0.0
1559,27.079108821599036,4.2020901283107905,0.0
1560,27.6983091765523,4.0754911874085815,0.0
1561,27.897289771000306,4.176711078275682,0.0
1562,28.041890604949707,4.138958093172666,0.0
1563,27.875643055703527,4.053755371226226,0.0
1564,27.67743256936212,4.11684137543823,0.0
1565,28.01090186160109,4.200349447801387,0.0
1566,27.69757475808029,4.080521842099485,0.0
1567,29.888676983214843,4.138958093172666,0.0
1568,27.8797147127085,4.058867803010678,0.0
1569,27.678536602140245,4.092347710237828,0.0
1570,27.678751388586225,4.080521842099485,0.0
1571,27.67743256936212,4.085182331820328,0.0
1572,29.89230788381008,4.164323301144366,0.0
1573,27.902373484298323,4.093527811303166,0.0
1574,26.860363299854917,4.179302972878825,0.0
1575,27.754498502842935,4.076323017638503,0.0
1576,29.89230788381008,4.056715459000889,0.0
1577,27.87825161506026,4.243745063230657,0.0
1578,28.00753044574669,4.099556812368916,0.0
1579,27.992078492107026,4.282241204222049,0.0
1580,27.992078492107026,4.249338559917262,0.0
1581,27.992078492107026,4.080521842099485,0.0
1582,28.00390983009691,4.209410233788648,0.0
1583,29.89230788381008,4.046142917217799,0.0
1584,27.484707967241405,4.164323301144366,0.0
1585,27.678607228721095,4.065105880620949,0.0
1586,27.874510237592897,4.200349447801387,0.0
1587,29.89230788381008,4.176711078275682,0.0
1588,28.548279775746586,4.11684137543823,0.0
1589,27.677158371022852,4.188634682865466,0.0
1590,28.028794303898714,4.246723774211365,0.0
1591,27.677373157468832,4.0754911874085815,0.0
1592,27.87825161506026,4.200349447801387,0.0
1593,27.874510237592897,4.088932433745723,0.0
1594,28.00635031875487,4.093432161549539,0.0
1595,27.985086460602844,4.093527811303166,0.0
1596,27.677474410610465,4.076323017638503,0.0
1597,28.01090186160109,4.080521842099485,0.0
1598,29.965015312539105,4.179302972878825,0.0
1599,29.89230788381008,4.046141066955172,0.0
1600,28.015778765991627,4.0754911874085815,0.0
1601,27.902373484298323,4.088932433745723,0.0
1602,27.874510237592897,4.179302972878825,0.0
1603,27.8797147127085,4.188634682865466,0.0
1604,27.87832224164111,4.179588034152977,0.0
1605,26.859086321879154,4.220640602937156,0.0
1606,27.984942300737714,4.11684137543823,0.0
1607,27.678536602140245,4.11684137543823,0.0
1608,27.48159975205823,4.065105880620949,0.0
1609,26.870138621651684,4.085182331820328,0.0
1610,27.8797147127085,4.17686635026751,0.0
1611,27.992078492107026,4.080521842099485,0.0
1612,27.875572429122677,4.046141066955172,0.0
1613,27.167053886282506,4.046141066955172,0.0
1614,29.89230788381008,4.046142917217799,0.0
1615,27.107845506183814,4.138958093172666,0.0
1616,26.669543654776337,4.068082574172069,0.0
1617,28.025908106720944,4.184143380332031,0.0
1618,27.166354081822217,4.200349447801387,0.0
1619,26.64645570014448,4.179588034152977,0.0
1620,27.87832224164111,4.093527811303166,0.0
1621,27.69981714261268,4.068082574172069,0.0
1622,27.8797147127085,4.053755371226226,0.0
1623,27.291772922197488,4.093527811303166,0.0
1624,27.451334896447687,4.093432161549539,0.0
1625,29.90738062186817,4.164323301144366,0.0
1626,27.678536602140245,4.076323017638503,0.0
1627,27.26403646110365,4.113936418874917,0.0
1628,27.67635489030121,4.046142917217799,0.0
1629,28.01090186160109,4.281007511221164,0.0
1630,27.079556093313332,4.180009031299507,0.0
1631,27.984942300737714,4.167148344520028,0.0
1632,27.696455133882697,4.196112691790372,0.0
1633,29.918618150161645,4.0754911874085815,0.0
1634,27.985086460602844,4.195814334845072,0.0
1635,27.67745963184634,4.0754911874085815,0.0
1636,27.271385667060947,4.046142917217799,0.0
1637,27.984942300737714,4.058867803010678,0.0
1638,30.250748833138275,4.113936418874917,0.0
1639,27.426334154594223,4.189301829689024,0.0
1640,27.677373157468832,4.065105880620949,0.0
1641,27.261066763291872,4.065105880620949,0.0
1642,29.89230788381008,4.076323017638503,0.0
1643,27.676081400728947,4.056715459000889,0.0
1644,29.89230788381008,4.093527811303166,0.0
1645,28.00390983009691,4.246723774211365,0.0
1646,27.67748770841184,4.065105880620949,0.0
1647,28.025173584360594,4.085182331820328,0.0
1648,26.674644514241127,4.049091894025671,0.0
1649,26.6365636170341,4.347188283310473,0.0
1650,27.875572429122677,4.282241204222049,0.0
1651,27.99976690011697,4.11684137543823,0.0
1652,27.984942300737714,4.046141066955172,0.0
1653,27.678751388586225,4.085182331820328,0.0
1654,30.255156078048064,4.290434504427641,0.0
1655,27.427508813953196,4.059095447780947,0.0
1656,28.00390983009691,4.179588034152977,0.0
1657,27.875643055703527,4.246723774211365,0.0
1658,27.894610481174382,4.076323017638503,0.0
1659,29.904141708778667,4.046142917217799,0.0
1660,27.87832224164111,4.046142917217799,0.0
1661,27.427438187372346,4.246723774211365,0.0
1662,27.424329972189174,4.179588034152977,0.0
1663,27.875572429122677,4.088932433745723,0.0
1664,27.676096179493072,4.053755371226226,0.0
1665,29.89230788381008,4.065105880620949,0.0
1666,26.644398910481414,4.058867803010678,0.0
1667,27.424343893715612,4.046141066955172,0.0
1668,27.7165541113061,4.065105880620949,0.0
1669,27.87846640150624,4.099556812368916,0.0
1670,27.875643055703527,4.196112691790372,0.0
1671,27.085186734593986,4.080521842099485,0.0
1672,27.696930945434907,4.093527811303166,0.0
1673,27.696196526962897,4.049091894025671,0.0
1674,27.87978533928935,4.179302972878825,0.0
1675,27.674052769080166,4.209138840976867,0.0
1676,27.984942300737714,4.246768840600345,0.0
1677,27.483645775711622,4.164323301144366,0.0
1678,28.0116763340142,4.099556812368916,0.0
1679,27.69757475808029,4.113936418874917,0.0
1680,27.894610585062722,4.046141066955172,0.0
1681,27.8982312007125,4.046141066955172,0.0
1682,27.87832224164111,4.088932433745723,0.0
1683,27.166801353536513,4.189301829689024,0.0
1684,27.267215302867672,4.085182331820328,0.0
1685,27.992078492107026,4.314011839950564,0.0
1686,27.67741708183099,4.272652998126761,0.0
1687,29.89230788381008,4.046141066955172,0.0
1688,27.874510237592897,4.2639898060795876,0.0
1689,29.89230788381008,4.046142917217799,0.0
1690,27.424343893715612,4.076323017638503,0.0
1691,27.678607228721095,4.196112691790372,0.0
1692,27.426375995842566,4.179302972878825,0.0
1693,28.01452247725087,4.2126020964562745,0.0
1694,27.677158371022852,4.046142917217799,0.0
1695,27.89875286864854,4.085182331820328,0.0
1696,26.642363050723098,4.046141066955172,0.0
1697,27.678536602140245,4.059095447780947,0.0
1698,28.00753044574669,4.093527811303166,0.0
1699,29.888676983214843,4.244504792222126,0.0
1700,28.025173688248934,4.046142917217799,0.0
1701,28.00635031875487,4.080521842099485,0.0
1702,28.025173584360594,4.113936418874917,0.0
1703,27.0820811326513,4.092347710237828,0.0
1704,27.19509076640699,4.277112163733491,0.0
1705,27.382081317363067,4.294867086436552,0.0
1706,27.677474410610465,4.2020901283107905,0.0
1707,29.889421686632307,4.113936418874917,0.0
1708,27.89875286864854,4.046141066955172,0.0
1709,28.04516157906344,4.185608086063362,0.0
1710,26.67078229202703,4.046141066955172,0.0
1711,27.678607228721095,4.138958093172666,0.0
1712,26.640554663008018,4.113936418874917,0.0
1713,28.028794303898714,4.076323017638503,0.0
1714,27.67605433824473,4.0754911874085815,0.0
1715,27.451361958931905,4.209410233788648,0.0
1716,27.992078492107026,4.046142917217799,0.0
1717,27.29629953070002,4.093527811303166,0.0
1718,28.028794303898714,4.049091894025671,0.0
1719,27.67635489030121,4.085182331820328,0.0
1720,29.897078539268588,4.076323017638503,0.0
1721,27.67605433824473,4.059095447780947,0.0
1722,27.153930814084042,4.2020901283107905,0.0
1723,27.8982312007125,4.176711078275682,0.0
1724,27.67763186827697,4.093432161549539,0.0
1725,26.670500348528556,4.059095447780947,0.0
1726,27.297618349924125,4.231344239539157,0.0
1727,27.875572429122677,4.198692134465194,0.0
1728,28.00390983009691,4.11684137543823,0.0
1729,28.8234670759386,4.113936418874917,0.0
1730,27.19509076640699,4.053755371226226,0.0
1731,27.427438187372346,4.065105880620949,0.0
1732,27.674322788174255,4.164323301144366,0.0
1733,26.636893158922703,4.068082574172069,0.0
1734,27.701195373730073,4.046142917217799,0.0
1735,27.87992949915448,4.0754911874085815,0.0
1736,27.894610585062722,4.049091894025671,0.0
1737,27.874495458828772,4.164323301144366,0.0
1738,27.874510237592897,4.0754911874085815,0.0
1739,28.00390983009691,4.059095447780947,0.0
1740,28.025908106720944,4.058867803010678,0.0
1741,26.64645570014448,4.092347710237828,0.0
1742,27.696196526962897,4.093432161549539,0.0
1743,27.8982312007125,4.277112163733491,0.0
1744,27.674052769080166,4.092347710237828,0.0
1745,27.992078492107026,4.184143380332031,0.0
1746,28.025173688248934,4.053755371226226,0.0
1747,27.985086460602844,4.065105880620949,0.0
1748,27.428221539930675,4.053755371226226,0.0
1749,27.985086460602844,4.046141066955172,0.0
1750,27.894610585062722,4.285570246007004,0.0
1751,28.00390983009691,4.138958093172666,0.0
1752,27.875572429122677,4.085182331820328,0.0
1753,27.69757475808029,4.196112691790372,0.0
1754,28.025173688248934,4.053755371226226,0.0
1755,26.779873636000676,4.092347710237828,0.0
1756,27.88625577767498,4.203527579055578,0.0
1757,27.875787215568657,4.228123922934191,0.0
1758,29.888676983214843,4.059095447780947,0.0
1759,28.00390983009691,4.214786989908538,0.0
1760,27.875643055703527,4.092347710237828,0.0
1761,27.991934332241897,4.092347710237828,0.0
1762,26.64072550141757,4.243745063230657,0.0
1763,27.677373157468832,4.065105880620949,0.0
1764,27.42433258542966,4.113936418874917,0.0
1765,28.028794303898714,4.046142917217799,0.0
1766,27.67635489030121,4.076323017638503,0.0
1767,27.894610585062722,4.076323017638503,0.0
1768,27.69757475808029,4.093432161549539,0.0
1769,27.897289667111966,4.184143380332031,0.0
1770,27.87846640150624,4.209410233788648,0.0
1771,27.67763186827697,4.059095447780947,0.0
1772,27.87825161506026,4.056715459000889,0.0
1773,27.676096179493072,4.0754911874085815,0.0
1774,27.984942300737714,4.164323301144366,0.0
1775,27.426375995842566,4.2020901283107905,0.0
1776,27.184948109983715,4.058867803010678,0.0
1777,27.426334154594223,4.184143380332031,0.0
1778,26.64926891129693,4.046142917217799,0.0
1779,27.518278601738626,4.049091894025671,0.0
1780,27.676340111537083,4.188634682865466,0.0
1781,27.26405038263009,4.065105880620949,0.0
1782,27.50736673883123,4.092347710237828,0.0
1783,28.00390983009691,4.046141066955172,0.0
1784,27.875787215568657,4.080521842099485,0.0
1785,27.427652973818326,4.113936418874917,0.0
1786,27.8797147127085,4.092347710237828,0.0
1787,27.192107018759785,4.244504792222126,0.0
1788,27.874468396344554,4.179588034152977,0.0
1789,27.875572429122677,4.058867803010678,0.0
1790,28.00753044574669,4.11684137543823,0.0
1791,27.677474410610465,4.246723774211365,0.0
1792,26.90250402963538,4.046141066955172,0.0
1793,27.8797147127085,4.113936418874917,0.0
1794,28.01090186160109,4.09654629001349,0.0
1795,29.923457615073225,4.186273412173702,0.0
1796,28.00390972620857,4.085182331820328,0.0
1797,30.250748833138275,4.189301829689024,0.0
1798,27.69757475808029,4.17686635026751,0.0
1799,27.679969727423163,4.11684137543823,0.0
1800,26.648293478827355,4.046141066955172,0.0
1801,28.025173688248934,4.17686635026751,0.0
1802,27.87825161506026,4.214786989908538,0.0
1803,28.01452247725087,4.0754911874085815,0.0
1804,28.01090186160109,4.046142917217799,0.0
1805,27.875643055703527,4.085182331820328,0.0
1806,26.677750116183812,4.058867803010678,0.0
1807,26.638841265657938,4.059095447780947,0.0
1808,26.831874670855704,4.138958093172666,0.0
1809,27.875787215568657,4.076323017638503,0.0
1810,27.26405038263009,4.053755371226226,0.0
1811,27.984942300737714,4.246768840600345,0.0
1812,27.902373484298323,4.167148344520028,0.0
1813,27.427652973818326,4.167447128637499,0.0
1814,28.00390972620857,4.095364448195817,0.0
1815,27.875572429122677,4.214786989908538,0.0
1816,27.191470150757212,4.18244932299894,0.0
1817,27.999919998408494,4.113936418874917,0.0
1818,27.874495458828772,4.076323017638503,0.0
1819,27.894610585062722,4.053755371226226,0.0
1820,27.897289771000306,4.059095447780947,0.0
1821,27.697574654191953,4.092347710237828,0.0
1822,27.42433258542966,4.080521842099485,0.0
1823,27.427438187372346,4.058867803010678,0.0
1824,27.427508813953196,4.138958093172666,0.0
1825,26.860148513408937,4.196112691790372,0.0
1826,27.383373074102952,4.078483115367623,0.0
1827,26.862273666803308,4.0754911874085815,0.0
1828,27.875572429122677,4.278942980352672,0.0
1829,28.01090175771275,4.198692134465194,0.0
1830,28.01090186160109,4.053755371226226,0.0
1831,27.07793696693873,4.34803941379285,0.0
1832,28.01090186160109,4.2020901283107905,0.0
1833,27.87825161506026,4.2639898060795876,0.0
1834,27.67763186827697,4.058867803010678,0.0
1835,27.984871674156864,4.196112691790372,0.0
1836,27.286182832226867,4.093432161549539,0.0
1837,27.894610585062722,4.11684137543823,0.0
1838,29.89230788381008,4.085182331820328,0.0
1839,27.877174644766356,4.046141066955172,0.0
1840,27.674052769080166,4.099556812368916,0.0
1841,30.274862721047608,4.065105880620949,0.0
1842,27.169337701160433,4.093432161549539,0.0
1843,27.87825161506026,4.046141066955172,0.0
1844,28.01090175771275,4.11684137543823,0.0
1845,28.01090186160109,4.198692134465194,0.0
1846,26.855096354753222,4.076323017638503,0.0
1847,27.875787215568657,4.085182331820328,0.0
1848,27.427652973818326,4.046141066955172,0.0
1849,27.8982312007125,4.093527811303166,0.0
1850,27.8797147127085,4.164323301144366,0.0
1851,27.874495458828772,4.0754911874085815,0.0
1852,27.38205425487885,4.221648374365708,0.0
1853,27.89875286864854,4.068082574172069,0.0
1854,27.678607228721095,4.058867803010678,0.0
1855,27.992078492107026,4.19179510456999,0.0
1856,27.382081317363067,4.093527811303166,0.0
1857,27.985086460602844,4.138958093172666,0.0
1858,28.033376620422764,4.046142917217799,0.0
1859,28.00390983009691,4.093527811303166,0.0
1860,27.677373157468832,4.093432161549539,0.0
1861,28.00753044574669,4.17686635026751,0.0
1862,28.01090186160109,4.179302972878825,0.0
1863,26.640383296081183,4.099556812368916,0.0
1864,26.842131478085143,4.046141066955172,0.0
1865,28.00390983009691,4.080521842099485,0.0
1866,26.774971957831898,4.205834793828005,0.0
1867,27.67406407736612,4.200349447801387,0.0
1868,27.67748770841184,4.080521842099485,0.0
1869,27.898752764760204,4.053755371226226,0.0
1870,27.451334896447687,4.065105880620949,0.0
1871,27.87825161506026,4.184143380332031,0.0
1872,27.92320956854239,4.046142917217799,0.0
1873,27.89875286864854,4.093527811303166,0.0
1874,27.87978533928935,4.076323017638503,0.0
1875,26.862273666803308,4.249338559917262,0.0
1876,27.8797147127085,4.205834793828005,0.0
1877,28.00390983009691,4.2020901283107905,0.0
1878,26.835225617511313,4.080521842099485,0.0
1879,27.677474410610465,4.0754911874085815,0.0
1880,27.701195373730073,4.195814334845072,0.0
1881,27.89875286864854,4.046141066955172,0.0
1882,27.900910386650086,4.252179052451397,0.0
1883,26.67440290767857,4.185608086063362,0.0
1884,27.67748770841184,4.049091894025671,0.0
1885,27.988925780346502,4.11684137543823,0.0
1886,26.837157597868313,4.113936418874917,0.0
1887,27.992078492107026,4.34803941379285,0.0
1888,27.26151403500617,4.093432161549539,0.0
1889,27.992078492107026,4.189301829689024,0.0
1890,28.00635031875487,4.065105880620949,0.0
1891,26.671672203188862,4.138958093172666,0.0
1892,28.025908106720944,4.167148344520028,0.0
1893,27.289803447876647,4.046142917217799,0.0
1894,29.91684209671848,4.188634682865466,0.0
1895,27.450096958962174,4.076323017638503,0.0
1896,27.985086460602844,4.318193618685179,0.0
1897,28.01090186160109,4.065105880620949,0.0
1898,27.67635489030121,4.079316167508674,0.0
1899,27.424329972189174,4.113936418874917,0.0
1900,27.696196526962897,4.099556812368916,0.0
1901,28.00753044574669,4.179588034152977,0.0
1902,27.085257361174836,4.058867803010678,0.0
1903,27.991934332241897,4.246768840600345,0.0
1904,27.89948728712055,4.092347710237828,0.0
1905,28.006549495373605,4.2020901283107905,0.0
1906,27.169337701160433,4.303149654630825,0.0
1907,27.902373484298323,4.375106071739064,0.0
1908,28.758792062806105,4.0754911874085815,0.0
1909,29.888687268160297,4.059095447780947,0.0
1910,28.025173688248934,4.088932433745723,0.0
1911,27.26151403500617,4.053755371226226,0.0
1912,27.696930945434907,4.2020901283107905,0.0
1913,27.894610585062722,4.058867803010678,0.0
1914,27.267215302867672,4.080521842099485,0.0
1915,29.888676983214843,4.184143380332031,0.0
1916,26.67078229202879,4.0754911874085815,0.0
1917,27.700075853420817,4.088932433745723,0.0
1918,28.01090186160109,4.088932433745723,0.0
1919,28.025173688248934,4.058867803010678,0.0
1920,27.289803447876647,4.058867803010678,0.0
1921,28.025173688248934,4.303149654630825,0.0
1922,27.984942300737714,4.065105880620949,0.0
1923,27.169323779633995,4.093432161549539,0.0
1924,28.00390983009691,4.088932433745723,0.0
1925,26.775732083528595,4.138958093172666,0.0
1926,29.2142339244741,4.138958093172666,0.0
1927,28.00753044574669,4.092347710237828,0.0
1928,26.70040888777364,4.059095447780947,0.0
1929,27.875572429122677,4.0754911874085815,0.0
1930,29.965015312539105,4.059095447780947,0.0
1931,27.87825161506026,4.059095447780947,0.0
1932,26.641285217412797,4.076323017638503,0.0
1933,29.89230788381008,4.284591436422671,0.0
1934,27.87832224164111,4.065105880620949,0.0
1935,26.65147232059138,4.059095447780947,0.0
1936,27.87846640150624,4.058867803010678,0.0
1937,27.4058170592468,4.164323301144366,0.0
1938,27.87832224164111,4.058867803010678,0.0
1939,27.07793696693873,4.167447128637499,0.0
1940,29.89230788381008,4.0754911874085815,0.0
1941,27.87846640150624,4.184143380332031,0.0
1942,26.843306137444117,4.076323017638503,0.0
1943,27.676340111537083,4.17686635026751,0.0
1944,27.992078492107026,4.046141066955172,0.0
1945,27.678536602140245,4.093527811303166,0.0
1946,28.06005035081298,4.093527811303166,0.0
1947,27.875572429122677,4.099556812368916,0.0
1948,27.082092440937252,4.246723774211365,0.0
1949,27.696455237771033,4.059095447780947,0.0
1950,27.875643055703527,4.205834793828005,0.0
1951,28.00753044574669,4.046141066955172,0.0
1952,27.678751388586225,4.059095447780947,0.0
1953,27.677158371022852,4.099556812368916,0.0
1954,27.87832224164111,4.046141066955172,0.0
1955,27.87978533928935,4.049091894025671,0.0
1956,27.69981714261268,4.294652862715632,0.0
1957,29.99718076953812,4.099556812368916,0.0
1958,28.028794303898714,4.062063342288778,0.0
1959,26.843235510863266,4.220640602937156,0.0
1960,27.89875286864854,4.046141066955172,0.0
1961,27.697574654191953,4.046142917217799,0.0
1962,27.8982312007125,4.220640602937156,0.0
1963,29.897078539268588,4.093527811303166,0.0
1964,27.992078492107026,4.053755371226226,0.0
1965,27.696196526962897,4.138958093172666,0.0
1966,27.697574654191953,4.138958093172666,0.0
1967,27.383158287656972,4.272652998126761,0.0
1968,28.01090175771275,4.093527811303166,0.0
1969,27.3800500724738,4.2020901283107905,0.0
1970,27.402196443597017,4.065105880620949,0.0
1971,27.090307042934413,4.28621932258643,0.0
1972,29.888676983214843,4.058867803010678,0.0
1973,27.676081400728947,4.209410233788648,0.0
1974,27.69981714261268,4.046141066955172,0.0
1975,27.87846640150624,4.214769781038733,0.0
1976,29.89230788381008,4.113936418874917,0.0
1977,27.38205425487885,4.088932433745723,0.0
1978,28.01452247725087,4.11684137543823,0.0
1979,26.965499515931654,4.164323301144366,0.0
1980,27.38205425487885,4.209138840976867,0.0
1981,27.894610481174382,4.113936418874917,0.0
1982,27.38205425487885,4.138958093172666,0.0
1983,27.875787215568657,4.080521842099485,0.0
1984,28.435539124895364,4.053755371226226,0.0
1985,27.084082701815863,4.196112691790372,0.0
1986,27.26608248475704,4.198692134465194,0.0
1987,28.00390972620857,4.099556812368916,0.0
1988,27.08410976430008,4.065105880620949,0.0
1989,27.999721335464763,4.167148344520028,0.0
1990,27.87825161506026,4.092347710237828,0.0
1991,28.03957887220258,4.167148344520028,0.0
1992,26.648293478827355,4.099556812368916,0.0
1993,28.00390983009691,4.046141066955172,0.0
1994,27.402196443597017,4.092347710237828,0.0
1995,28.00390983009691,4.195814334845072,0.0
1996,27.67748770841184,4.214786989908538,0.0
1997,28.025173688248934,4.185608086063362,0.0
1998,26.84012729568009,4.0754911874085815,0.0
1999,27.677158371022852,4.092347710237828,0.0
